method,hit_rate,kupiec,cc,dq,mf
egarch_t,0.018048381816426075,2,1,0,0
ewma,0.025376783228641883,0,0,3,0
garch_t,0.018998583309191887,1,1,2,1
gate,0.02687046170224292,2,1,3,0
gate_noexpiry,0.023341099813698682,1,1,2,0
gate_noscale,0.020355950925736197,1,1,2,0
gate_novix,0.025784538168217606,1,1,2,0
gate_qlike,0.024290565286717965,0,0,1,1
gate_variance,0.023205672180337793,0,0,2,2
gjr_t,0.017641215692647573,2,2,0,0
har,0.0237487075493251,0,0,2,0
mean,0.01954132427028058,1,1,0,0
median,0.01899843610524258,1,1,0,1
min_score,0.021577007685223786,1,0,1,0
previous_best,0.022255323483622677,1,0,2,1
relative_score,0.021169841561445284,1,0,0,2
vix,0.021577007685223786,4,2,3,2
