alpha,asset,method,n,hit_rate,kupiec_p,cc_p,dq_p,mf_mean,mf_p,mf_n
0.01,nifty50,ewma,922,0.010845986984815618,0.7989612703963013,0.867442887180697,0.9966312105140159,0.060635447006554634,0.733,10
0.01,nifty50,garch_t,922,0.009761388286334056,0.9417204111583878,0.912570807489427,0.9937798371559637,-0.022622471855145397,0.3625,9
0.01,nifty50,egarch_t,922,0.008676789587852495,0.6794957961250532,0.8560329123986806,0.01729454147552529,-0.21604594402681876,0.127,8
0.01,nifty50,gjr_t,922,0.008676789587852495,0.6794957961250532,0.8560329123986806,0.998591609037512,-0.18150850034553012,0.2175,8
0.01,nifty50,har,922,0.009761388286334056,0.9417204111583878,0.912570807489427,0.998490449120048,-0.017068765435224315,0.3715,9
0.01,nifty50,vix,922,0.008676789587852495,0.6794957961250532,0.8560329123986806,0.9956133776713554,-0.03475564711098828,0.3255,8
0.01,nifty50,mean,922,0.008676789587852495,0.6794957961250532,0.8560329123986806,0.9959825931698587,-0.05683075588828121,0.2795,8
0.01,nifty50,median,922,0.008676789587852495,0.6794957961250532,0.8560329123986806,0.9902494958393095,-0.04412663178957795,0.2965,8
0.01,nifty50,min_score,922,0.008676789587852495,0.6794957961250532,0.8560329123986806,0.9972388424131391,-0.051228528183729215,0.2995,8
0.01,nifty50,relative_score,922,0.008676789587852495,0.6794957961250532,0.8560329123986806,0.9986508013318909,-0.08110022691890459,0.2635,8
0.01,nifty50,previous_best,922,0.009761388286334056,0.9417204111583878,0.912570807489427,0.9708370402976219,-0.1659553675757565,0.2115,9
0.01,nifty50,gate,922,0.009761388286334056,0.9417204111583878,0.912570807489427,0.9903105263012787,-0.15184695961237088,0.1655,9
0.01,banknifty,ewma,921,0.008686210640608035,0.6818667015224211,0.14467693453102443,0.06346377607995633,-0.10920572162342435,0.1945,8
0.01,banknifty,garch_t,921,0.009771986970684038,0.9443448089108859,0.198385659533061,0.12375927608117368,-0.025742288591542557,0.372,9
0.01,banknifty,egarch_t,921,0.008686210640608035,0.6818667015224211,0.14467693453102443,0.04533079710039385,-0.19907758351316696,0.172,8
0.01,banknifty,gjr_t,921,0.006514657980456026,0.25624649591450266,0.5046706883766996,0.9296925318074409,-0.292926537429909,0.114,6
0.01,banknifty,har,921,0.014115092290988056,0.23723947483539456,0.19590263833658134,0.04330206629175587,-0.011007634430860325,0.4135,13
0.01,banknifty,vix,921,0.00760043431053203,0.4447344899739464,0.7077332785170458,0.9946665388004402,-0.07223314255360179,0.256,7
0.01,banknifty,mean,921,0.00760043431053203,0.4447344899739464,0.08948802111249096,0.024434599756461447,-0.14407907896873,0.197,7
0.01,banknifty,median,921,0.00760043431053203,0.4447344899739464,0.08948802111249096,0.02553683670663587,-0.13576557028004563,0.1895,7
0.01,banknifty,min_score,921,0.00760043431053203,0.4447344899739464,0.7077332785170458,0.9946665388004402,-0.04751986358220796,0.333,7
0.01,banknifty,relative_score,921,0.00760043431053203,0.4447344899739464,0.7077332785170458,0.9946960829123122,-0.072492663882787,0.2535,7
0.01,banknifty,previous_best,921,0.00760043431053203,0.4447344899739464,0.7077332785170458,0.9946665388004402,-0.07223314255360179,0.256,7
0.01,banknifty,gate,921,0.009771986970684038,0.9443448089108859,0.9126968840593237,0.9873380922684175,-0.12601141374813093,0.2275,9
0.01,adanient,ewma,921,0.013029315960912053,0.3773402904408567,0.23160913074688375,0.0036379671780707988,-0.2917366975173445,0.0695,12
0.01,adanient,garch_t,921,0.006514657980456026,0.25624649591450266,0.5046706883766996,0.009326330406309341,-0.4218470310989661,0.031,6
0.01,adanient,egarch_t,921,0.00760043431053203,0.4447344899739464,0.08948802111249096,3.978942665805787e-06,-0.37274923747496275,0.0375,7
0.01,adanient,gjr_t,921,0.006514657980456026,0.25624649591450266,0.5046706883766996,0.008576918762924844,-0.42090968080877067,0.026,6
0.01,adanient,har,921,0.011943539630836048,0.5651674266655284,0.24727185739095445,0.002607729281889684,-0.4282300023679271,0.0185,11
0.01,adanient,vix,921,0.013029315960912053,0.3773402904408567,0.23160913074688375,3.054244204724034e-07,-0.3651351083223364,0.0365,12
0.01,adanient,mean,921,0.008686210640608035,0.6818667015224211,0.14467693453102443,4.069495505192729e-05,-0.35906131151750253,0.028,8
0.01,adanient,median,921,0.00760043431053203,0.4447344899739464,0.08948802111249096,4.0056424861846926e-06,-0.39460810770105537,0.03,7
0.01,adanient,min_score,921,0.008686210640608035,0.6818667015224211,0.14467693453102443,3.216996677768474e-05,-0.4126263886217313,0.0245,8
0.01,adanient,relative_score,921,0.008686210640608035,0.6818667015224211,0.14467693453102443,3.653565360022524e-05,-0.3026714378603156,0.0585,8
0.01,adanient,previous_best,921,0.008686210640608035,0.6818667015224211,0.14467693453102443,3.71604335954678e-05,-0.30198125606622495,0.05,8
0.01,adanient,gate,921,0.011943539630836048,0.5651674266655284,0.24727185739095445,0.0026076007814578896,-0.45772971148230857,0.024,11
0.01,tatasteel,ewma,921,0.010857763300760043,0.7963687265032801,0.2358692313123081,0.005586073666881765,-0.07326937500142386,0.136,10
0.01,tatasteel,garch_t,921,0.010857763300760043,0.7963687265032801,0.2358692313123081,0.005756696339263848,0.04248319403698746,0.7325,10
0.01,tatasteel,egarch_t,921,0.013029315960912053,0.3773402904408567,0.23160913074688375,0.006924895556309222,0.03585325867221048,0.7005,12
0.01,tatasteel,gjr_t,921,0.009771986970684038,0.9443448089108859,0.198385659533061,0.0012760123811616506,0.0096905330674999,0.5265,9
0.01,tatasteel,har,921,0.009771986970684038,0.9443448089108859,0.198385659533061,0.001803548882503224,-0.024410271300670736,0.323,9
0.01,tatasteel,vix,921,0.00760043431053203,0.4447344899739464,0.08948802111249096,0.022883331597671665,-0.005130910740305373,0.459,7
0.01,tatasteel,mean,921,0.009771986970684038,0.9443448089108859,0.198385659533061,0.001922250944336782,0.01800634133372577,0.5845,9
0.01,tatasteel,median,921,0.010857763300760043,0.7963687265032801,0.2358692313123081,0.005562614107952446,0.024416303683373074,0.6195,10
0.01,tatasteel,min_score,921,0.009771986970684038,0.9443448089108859,0.198385659533061,0.0018820772283374267,-0.024695974288337905,0.323,9
0.01,tatasteel,relative_score,921,0.009771986970684038,0.9443448089108859,0.198385659533061,0.0018400454199573764,-0.027611637489086245,0.3025,9
0.01,tatasteel,previous_best,921,0.009771986970684038,0.9443448089108859,0.198385659533061,0.001803548882503224,-0.024410271300670736,0.323,9
0.01,tatasteel,gate,921,0.013029315960912053,0.3773402904408567,0.23160913074688375,0.2613785069536888,-0.019597426750643836,0.372,12
0.01,dlf,ewma,921,0.009771986970684038,0.9443448089108859,0.9126968840593237,0.9242926858772567,0.1647624556369985,1.0,9
0.01,dlf,garch_t,921,0.002171552660152009,0.0038182412871061028,0.01516896464486405,0.3980401180549939,-0.05822991320117099,0.2345,2
0.01,dlf,egarch_t,921,0.003257328990228013,0.01665723027937913,0.0563664268503669,0.610213348135952,-0.03842260066015313,0.2635,3
0.01,dlf,gjr_t,921,0.002171552660152009,0.0038182412871061028,0.01516896464486405,0.4610804940840826,-0.11981920433945202,0.249,2
0.01,dlf,har,921,0.006514657980456026,0.25624649591450266,0.5046706883766996,0.9753207054586889,0.12310460318575346,0.951,6
0.01,dlf,vix,921,0.002171552660152009,0.0038182412871061028,0.01516896464486405,0.37529480668624104,0.10559639833112928,1.0,2
0.01,dlf,mean,921,0.004343105320304018,0.05193846832350595,0.14862303599529858,0.810483523613121,0.10903510068319193,0.679,4
0.01,dlf,median,921,0.003257328990228013,0.01665723027937913,0.0563664268503669,0.6224310684215646,0.03714810551685135,0.7145,3
0.01,dlf,min_score,921,0.006514657980456026,0.25624649591450266,0.5046706883766996,0.9731093848439447,0.11203983508737343,0.8795,6
0.01,dlf,relative_score,921,0.006514657980456026,0.25624649591450266,0.5046706883766996,0.9731665612689635,0.12146162560224916,0.933,6
0.01,dlf,previous_best,921,0.006514657980456026,0.25624649591450266,0.5046706883766996,0.9753207054586889,0.12310460318575346,0.951,6
0.01,dlf,gate,921,0.006514657980456026,0.25624649591450266,0.5046706883766996,0.9047828554511895,0.0002655568058908958,0.4515,6
0.01,hindunilvr,ewma,921,0.016286644951140065,0.07879146606408052,0.16638379477508092,0.08815302744565671,-0.23630528372851076,0.0745,15
0.01,hindunilvr,garch_t,921,0.011943539630836048,0.5651674266655284,0.7419047617623582,0.8250218056229089,-0.19409433944773646,0.069,11
0.01,hindunilvr,egarch_t,921,0.011943539630836048,0.5651674266655284,0.7419047617623582,0.8464378207814888,-0.1931006631705048,0.083,11
0.01,hindunilvr,gjr_t,921,0.011943539630836048,0.5651674266655284,0.7419047617623582,0.7962171252904013,-0.19306308054662183,0.0675,11
0.01,hindunilvr,har,921,0.016286644951140065,0.07879146606408052,0.16638379477508092,0.30487637397324446,-0.15508881872761818,0.118,15
0.01,hindunilvr,vix,921,0.026058631921824105,4.533382701512453e-05,0.00022099085423960533,3.7045857011594186e-06,-0.0804523629819287,0.198,24
0.01,hindunilvr,mean,921,0.014115092290988056,0.23723947483539456,0.4127982374512511,0.7322124610966878,-0.1879127868427538,0.0795,13
0.01,hindunilvr,median,921,0.014115092290988056,0.23723947483539456,0.4127982374512511,0.7446435639284787,-0.15231166774455496,0.12,13
0.01,hindunilvr,min_score,921,0.018458197611292075,0.021007813194168782,0.05063383600710454,0.1299935924556601,-0.14416758010873743,0.1075,17
0.01,hindunilvr,relative_score,921,0.01520086862106406,0.14066243069866802,0.27207082732846494,0.5713986823603845,-0.20482969367484513,0.0455,14
0.01,hindunilvr,previous_best,921,0.021715526601520086,0.001982259645118753,0.006299363511303693,0.0005160371951391186,-0.11662031266329767,0.1265,20
0.01,hindunilvr,gate,921,0.016286644951140065,0.07879146606408052,0.16638379477508092,0.16561008999117852,-0.15160356775730321,0.0565,15
0.01,nestleind,ewma,921,0.013029315960912053,0.3773402904408567,0.5779491086151487,0.40685970224164025,-0.009956090739209852,0.4005,12
0.01,nestleind,garch_t,921,0.006514657980456026,0.25624649591450266,0.5046706883766996,0.929396631168416,0.11428809676900055,0.9405,6
0.01,nestleind,egarch_t,921,0.0054288816503800215,0.1268293801742322,0.303380548870851,0.6634410652535911,0.05826248717187753,0.709,5
0.01,nestleind,gjr_t,921,0.006514657980456026,0.25624649591450266,0.5046706883766996,0.8988225684890024,0.102810582037565,0.9015,6
0.01,nestleind,har,921,0.009771986970684038,0.9443448089108859,0.9126968840593237,0.9951654618341207,0.008968080193336527,0.5055,9
0.01,nestleind,vix,921,0.01520086862106406,0.14066243069866802,0.27207082732846494,0.044918349670109096,0.018792776667365094,0.589,14
0.01,nestleind,mean,921,0.009771986970684038,0.9443448089108859,0.9126968840593237,0.9548900527958388,0.08764279838417556,0.8945,9
0.01,nestleind,median,921,0.009771986970684038,0.9443448089108859,0.9126968840593237,0.9142148168959809,0.10763783215809014,0.9875,9
0.01,nestleind,min_score,921,0.010857763300760043,0.7963687265032801,0.8665919258752113,0.9903781200814145,0.005145248759045641,0.4785,10
0.01,nestleind,relative_score,921,0.010857763300760043,0.7963687265032801,0.8665919258752113,0.9893527371616417,0.04575899680689929,0.6895,10
0.01,nestleind,previous_best,921,0.009771986970684038,0.9443448089108859,0.9126968840593237,0.9951654618341207,0.008968080193336527,0.5055,9
0.01,nestleind,gate,921,0.01737242128121607,0.041776052549228865,0.09486240895678326,0.005065281495229915,0.06572189244989496,0.9185,16
0.01,sunpharma,ewma,921,0.00760043431053203,0.4447344899739464,0.7077332785170458,0.8245184469653335,0.1017539920350412,0.9875,7
0.01,sunpharma,garch_t,921,0.00760043431053203,0.4447344899739464,0.7077332785170458,0.953433970791761,0.1290981835685079,0.999,7
0.01,sunpharma,egarch_t,921,0.0054288816503800215,0.1268293801742322,0.303380548870851,0.9121460944616646,0.09949226023831953,0.964,5
0.01,sunpharma,gjr_t,921,0.004343105320304018,0.05193846832350595,0.14862303599529858,0.7247774869828765,0.06822407148920072,0.9325,4
0.01,sunpharma,har,921,0.002171552660152009,0.0038182412871061028,0.01516896464486405,0.44924379298744854,0.26800460058999054,1.0,2
0.01,sunpharma,vix,921,0.002171552660152009,0.0038182412871061028,0.01516896464486405,0.418011894439351,0.16655477572069405,1.0,2
0.01,sunpharma,mean,921,0.003257328990228013,0.01665723027937913,0.0563664268503669,0.6383543984775395,0.1142846199490604,1.0,3
0.01,sunpharma,median,921,0.004343105320304018,0.05193846832350595,0.14862303599529858,0.7770702847023502,0.08713971933664968,0.966,4
0.01,sunpharma,min_score,921,0.006514657980456026,0.25624649591450266,0.5046706883766996,0.8727529091882605,0.06922853931665474,0.863,6
0.01,sunpharma,relative_score,921,0.00760043431053203,0.4447344899739464,0.7077332785170458,0.8056683207410927,0.11591878204311426,0.9935,7
0.01,sunpharma,previous_best,921,0.00760043431053203,0.4447344899739464,0.7077332785170458,0.818855422633006,0.1017539920350412,0.9875,7
0.01,sunpharma,gate,921,0.00760043431053203,0.4447344899739464,0.7077332785170458,0.9786298544859815,0.09897427909938732,0.9635,7
0.025,nifty50,ewma,922,0.02386117136659436,0.8234115746425577,0.5693102466414545,0.18278825249500077,0.030273966505824538,0.675,22
0.025,nifty50,garch_t,922,0.01843817787418655,0.18101836844491084,0.2969086288126302,0.5491544052756367,-0.04737992485391602,0.269,17
0.025,nifty50,egarch_t,922,0.019522776572668113,0.2682387063638097,0.35568261412431834,0.15769516570588046,-0.1251844011293335,0.1535,18
0.025,nifty50,gjr_t,922,0.019522776572668113,0.2682387063638097,0.37844154318246964,0.4534154404479759,-0.10539724471168771,0.1925,18
0.025,nifty50,har,922,0.019522776572668113,0.2682387063638097,0.37844154318246964,0.0011646560751049071,-0.04508038404084639,0.2715,18
0.025,nifty50,vix,922,0.020607375271149676,0.3784899214342208,0.4547298421175342,2.2473030038593286e-05,-0.005328724903289008,0.419,19
0.025,nifty50,mean,922,0.019522776572668113,0.2682387063638097,0.37844154318246964,0.08443126139562752,-0.02332267121621887,0.3705,18
0.025,nifty50,median,922,0.019522776572668113,0.2682387063638097,0.37844154318246964,0.0936648170835199,-0.020843562089944964,0.3755,18
0.025,nifty50,min_score,922,0.020607375271149676,0.3784899214342208,0.4547298421175342,0.11175081068605758,-0.02613775945212378,0.3475,19
0.025,nifty50,relative_score,922,0.020607375271149676,0.3784899214342208,0.4547298421175342,0.12519847323888866,-0.028168869278788523,0.33,19
0.025,nifty50,previous_best,922,0.0227765726681128,0.6607189675870322,0.556343048654308,0.018514721410304608,0.0017628218742786553,0.4915,21
0.025,nifty50,gate,922,0.01843817787418655,0.18101836844491084,0.24750494513743246,0.010628058139396865,-0.17258491774901727,0.1155,17
0.025,nifty50,gate_noexpiry,922,0.0227765726681128,0.6607189675870322,0.7224751535777354,0.10516885271014276,-0.06263665985238061,0.2545,21
0.025,nifty50,gate_noscale,922,0.01735357917570499,0.11584025599417941,0.21888086834892717,0.02065618051076235,-0.08676711272493351,0.2005,16
0.025,nifty50,gate_novix,922,0.019522776572668113,0.2682387063638097,0.37844154318246964,0.03254362818379783,-0.15153424424090192,0.1355,18
0.025,nifty50,gate_qlike,922,0.027114967462039046,0.6848333142370412,0.45840460738658817,0.058695873835756356,-0.01335927084403577,0.3985,25
0.025,nifty50,gate_variance,922,0.020607375271149676,0.3784899214342208,0.4547298421175342,0.0018067725350110347,-0.0774592021049047,0.1815,19
0.025,banknifty,ewma,921,0.02823018458197611,0.5383015066042804,0.37077821041677617,0.02835246321107568,0.004221563498971776,0.498,26
0.025,banknifty,garch_t,921,0.02280130293159609,0.6644850902124178,0.21283187685203434,0.005542158102339055,-0.011523156619032622,0.41,21
0.025,banknifty,egarch_t,921,0.018458197611292075,0.1826598996421932,0.24936088835166048,0.6265493227786498,-0.12627777606157697,0.178,17
0.025,banknifty,gjr_t,921,0.016286644951140065,0.07074741841049335,0.0977532178736162,0.5488998655217017,-0.14049829400657865,0.1695,15
0.025,banknifty,har,921,0.023887079261672096,0.8274865172725201,0.26566842318349193,8.731005280649447e-09,-0.07036314396383196,0.182,22
0.025,banknifty,vix,921,0.01737242128121607,0.11699643883660517,0.16203549730667358,0.04985387894527953,-0.049588214692301374,0.2575,16
0.025,banknifty,mean,921,0.02062975027144408,0.3812605316044264,0.11332117997520127,0.05141225476848944,-0.043618474781168315,0.306,19
0.025,banknifty,median,921,0.02062975027144408,0.3812605316044264,0.11332117997520127,0.05132261841316615,-0.04499993600611768,0.2865,19
0.025,banknifty,min_score,921,0.018458197611292075,0.1826598996421932,0.24936088835166048,0.05759527452148363,-0.04463667969664592,0.281,17
0.025,banknifty,relative_score,921,0.01737242128121607,0.11699643883660517,0.16203549730667358,0.05209601867069509,-0.05239282829299625,0.2475,16
0.025,banknifty,previous_best,921,0.01737242128121607,0.11699643883660517,0.16203549730667358,0.04985387894527953,-0.049588214692301374,0.2575,16
0.025,banknifty,gate,921,0.0249728555917481,0.9957893171514863,0.31293108001862197,0.16758715123816162,-0.05764902265904093,0.27,23
0.025,banknifty,gate_noexpiry,921,0.019543973941368076,0.27043296513358833,0.07476350293945387,0.03018942359615498,-0.11656597546483513,0.1895,18
0.025,banknifty,gate_noscale,921,0.02062975027144408,0.3812605316044264,0.11332117997520127,0.043245941967489966,-0.06312438280428871,0.2455,19
0.025,banknifty,gate_novix,921,0.021715526601520086,0.5138364935884399,0.16039659398696007,0.07469188175119598,-0.10975351290029693,0.198,20
0.025,banknifty,gate_qlike,921,0.02280130293159609,0.6644850902124178,0.7245426883060173,0.017791858464834172,-0.057072289996225725,0.2615,21
0.025,banknifty,gate_variance,921,0.0249728555917481,0.9957893171514863,0.31293108001862197,0.009265406769829773,-0.015626152185152505,0.3795,23
0.025,adanient,ewma,921,0.026058631921824105,0.8380493995694757,0.34879510241691714,0.006321866011990275,-0.2578576613183348,0.068,24
0.025,adanient,garch_t,921,0.016286644951140065,0.07074741841049335,0.0977532178736162,0.014904800038009858,-0.2466027455643243,0.09,15
0.025,adanient,egarch_t,921,0.01520086862106406,0.040192228139389996,0.05445806328644987,0.11550291578580092,-0.3319027682639174,0.06,14
0.025,adanient,gjr_t,921,0.014115092290988056,0.02133652991367196,0.02784163639347655,0.05742497304699346,-0.31934638553938605,0.0725,13
0.025,adanient,har,921,0.03040173724212812,0.3095596253427495,0.3247611265775848,0.27792614141300315,-0.19815658018352086,0.102,28
0.025,adanient,vix,921,0.0249728555917481,0.9957893171514863,0.8723117484994173,0.10009495978136355,-0.3232288315302112,0.0415,23
0.025,adanient,mean,921,0.018458197611292075,0.1826598996421932,0.24936088835166048,0.41052321704040257,-0.2512320424958808,0.094,17
0.025,adanient,median,921,0.016286644951140065,0.07074741841049335,0.0977532178736162,0.1651653107769602,-0.2957577515995908,0.07,15
0.025,adanient,min_score,921,0.01737242128121607,0.11699643883660517,0.16203549730667358,0.04640815129735607,-0.31371364459229406,0.0615,16
0.025,adanient,relative_score,921,0.01520086862106406,0.040192228139389996,0.05445806328644987,0.1504817225153343,-0.3689152614594285,0.0475,14
0.025,adanient,previous_best,921,0.01520086862106406,0.040192228139389996,0.05445806328644987,0.14832796361644637,-0.35381453106481703,0.0515,14
0.025,adanient,gate,921,0.02823018458197611,0.5383015066042804,0.7904554681996167,0.06903858319979081,-0.27388594640180985,0.073,26
0.025,adanient,gate_noexpiry,921,0.02280130293159609,0.6644850902124178,0.7245426883060173,0.02020658412768264,-0.2913894542843582,0.0625,21
0.025,adanient,gate_noscale,921,0.021715526601520086,0.5138364935884399,0.6080583489228171,0.22675545330880556,-0.16688298076020747,0.163,20
0.025,adanient,gate_novix,921,0.0249728555917481,0.9957893171514863,0.8723117484994173,0.53327108194055,-0.32393376233197346,0.063,23
0.025,adanient,gate_qlike,921,0.0249728555917481,0.9957893171514863,0.8723117484994173,0.5400189095049572,-0.3733517993751886,0.0365,23
0.025,adanient,gate_variance,921,0.021715526601520086,0.5138364935884399,0.6080583489228171,0.2645100816874726,-0.4796373735677367,0.0175,20
0.025,tatasteel,ewma,921,0.02062975027144408,0.3812605316044264,0.4811995749696567,0.7830805650476874,-0.07759142553633959,0.137,19
0.025,tatasteel,garch_t,921,0.01737242128121607,0.11699643883660517,0.16203549730667358,0.46955212803572766,-0.08454909495004134,0.102,16
0.025,tatasteel,egarch_t,921,0.018458197611292075,0.1826598996421932,0.24936088835166048,0.4989868786690227,-0.11081381624508338,0.075,17
0.025,tatasteel,gjr_t,921,0.016286644951140065,0.07074741841049335,0.0977532178736162,0.35605485806302684,-0.11048618505999307,0.077,15
0.025,tatasteel,har,921,0.019543973941368076,0.27043296513358833,0.357938797919214,0.5085941739535675,-0.01994855565236638,0.3515,18
0.025,tatasteel,vix,921,0.014115092290988056,0.02133652991367196,0.02784163639347655,0.3073831600884783,-0.08001552250915703,0.1475,13
0.025,tatasteel,mean,921,0.016286644951140065,0.07074741841049335,0.0977532178736162,0.3069949848192156,-0.08845463106453198,0.092,15
0.025,tatasteel,median,921,0.01737242128121607,0.11699643883660517,0.16203549730667358,0.4737655436232645,-0.08459489977875666,0.114,16
0.025,tatasteel,min_score,921,0.01737242128121607,0.11699643883660517,0.16203549730667358,0.42560230575918045,-0.052690385509547785,0.1825,16
0.025,tatasteel,relative_score,921,0.01737242128121607,0.11699643883660517,0.16203549730667358,0.40047317845022923,-0.06196026667088517,0.155,16
0.025,tatasteel,previous_best,921,0.019543973941368076,0.27043296513358833,0.357938797919214,0.5085941739535675,-0.01994855565236638,0.3515,18
0.025,tatasteel,gate,921,0.021715526601520086,0.5138364935884399,0.6080583489228171,0.8132502887558954,-0.10231739120677501,0.1,20
0.025,tatasteel,gate_noexpiry,921,0.01737242128121607,0.11699643883660517,0.16203549730667358,0.3583598243113549,-0.10257813533919027,0.09,16
0.025,tatasteel,gate_noscale,921,0.01737242128121607,0.11699643883660517,0.16203549730667358,0.4107976079351833,-0.06112557390973052,0.171,16
0.025,tatasteel,gate_novix,921,0.019543973941368076,0.27043296513358833,0.357938797919214,0.646677618624216,-0.12150832119263394,0.0755,18
0.025,tatasteel,gate_qlike,921,0.0249728555917481,0.9957893171514863,0.8723117484994173,0.8468148537645666,-0.08130083746735933,0.093,23
0.025,tatasteel,gate_variance,921,0.023887079261672096,0.8274865172725201,0.8164525705214641,0.9070597158907525,-0.08145053959065109,0.117,22
0.025,dlf,ewma,921,0.02062975027144408,0.3812605316044264,0.4811995749696567,0.07894025716029861,0.05895162416326264,0.8265,19
0.025,dlf,garch_t,921,0.011943539630836048,0.004784252932591161,0.01636294444215945,0.10605070945028144,0.06582739419561034,0.738,11
0.025,dlf,egarch_t,921,0.009771986970684038,0.0007506264778130801,0.003123911270746252,0.16746078718586566,-0.0022472255091113744,0.4355,9
0.025,dlf,gjr_t,921,0.009771986970684038,0.0007506264778130801,0.003123911270746252,0.18376568862889048,0.031048025060340805,0.593,9
0.025,dlf,har,921,0.01737242128121607,0.11699643883660517,0.22052629657369632,0.5599031367169907,0.08188422489069816,0.899,16
0.025,dlf,vix,921,0.013029315960912053,0.010520085900013788,0.03235738997452826,0.4278062033344907,0.12835951076228766,1.0,12
0.025,dlf,mean,921,0.010857763300760043,0.001990680572088957,0.007529347614223382,0.25154786661812945,0.02963870275495766,0.6145,10
0.025,dlf,median,921,0.010857763300760043,0.001990680572088957,0.007529347614223382,0.24360346066814592,0.026694980854394645,0.592,10
0.025,dlf,min_score,921,0.01520086862106406,0.040192228139389996,0.09815378178055068,0.5414148403074712,0.0804594179217233,0.849,14
0.025,dlf,relative_score,921,0.016286644951140065,0.07074741841049335,0.15237252793258266,0.5282472891864649,0.08206685130731509,0.87,15
0.025,dlf,previous_best,921,0.01737242128121607,0.11699643883660517,0.22052629657369632,0.5599031367169907,0.08188422489069816,0.899,16
0.025,dlf,gate,921,0.016286644951140065,0.07074741841049335,0.0977532178736162,0.3790363406960157,-0.009733151305280326,0.4215,15
0.025,dlf,gate_noexpiry,921,0.013029315960912053,0.010520085900013788,0.03235738997452826,0.175991381770474,-0.012837944379030547,0.4105,12
0.025,dlf,gate_noscale,921,0.011943539630836048,0.004784252932591161,0.01636294444215945,0.30308014345640105,0.026318527997923932,0.582,11
0.025,dlf,gate_novix,921,0.016286644951140065,0.07074741841049335,0.0977532178736162,0.2633804976133131,0.006940893089698311,0.4835,15
0.025,dlf,gate_qlike,921,0.021715526601520086,0.5138364935884399,0.5180910434346413,0.37422778320631733,-0.004766973718783868,0.433,20
0.025,dlf,gate_variance,921,0.02062975027144408,0.3812605316044264,0.4565704032234428,0.16340137458340168,0.0007918330041928454,0.4735,19
0.025,hindunilvr,ewma,921,0.031487513572204126,0.225136020091168,0.1864271319055959,0.017192367585213243,-0.19118204780076486,0.068,29
0.025,hindunilvr,garch_t,921,0.02062975027144408,0.3812605316044264,0.4565704032234428,0.7481443076826442,-0.2234870438118696,0.0415,19
0.025,hindunilvr,egarch_t,921,0.021715526601520086,0.5138364935884399,0.5180910434346413,0.8405818441983344,-0.20124104207338617,0.0605,20
0.025,hindunilvr,gjr_t,921,0.02280130293159609,0.6644850902124178,0.5573007790618307,0.7391772132486321,-0.1761528848245967,0.055,21
0.025,hindunilvr,har,921,0.03257328990228013,0.15925068562567823,0.13505259111848508,0.2019163159525056,-0.13143677000889736,0.0925,30
0.025,hindunilvr,vix,921,0.035830618892508145,0.04781720726020315,0.13885405299996914,0.08610496539070438,-0.20305796342685573,0.026,33
0.025,hindunilvr,mean,921,0.0249728555917481,0.9957893171514863,0.5544258782710184,0.7546175398316717,-0.19749516299445383,0.055,23
0.025,hindunilvr,median,921,0.023887079261672096,0.8274865172725201,0.5696259450743919,0.7897452136448321,-0.18757730667428918,0.048,22
0.025,hindunilvr,min_score,921,0.03040173724212812,0.3095596253427495,0.5890557375203316,0.6352089592299521,-0.17035298239199012,0.057,28
0.025,hindunilvr,relative_score,921,0.03040173724212812,0.3095596253427495,0.5890557375203316,0.5470732187377063,-0.2202319243742794,0.0285,28
0.025,hindunilvr,previous_best,921,0.03257328990228013,0.15925068562567823,0.3712350676732162,0.24296258328300813,-0.2403312281380946,0.0195,30
0.025,hindunilvr,gate,921,0.038002171552660155,0.018755911292530167,0.060169883475031403,0.007788287316451759,-0.12115118936267348,0.0785,35
0.025,hindunilvr,gate_noexpiry,921,0.033659066232356136,0.10958139800799488,0.2777161139738841,0.0557416569364701,-0.14374446293076926,0.0825,31
0.025,hindunilvr,gate_noscale,921,0.02714440825190011,0.6809047723603625,0.45704682810662844,0.6030899327082837,-0.17474563422628125,0.06,25
0.025,hindunilvr,gate_novix,921,0.03474484256243214,0.07337118338902938,0.20002003894396833,0.08165632078748054,-0.1499735483145372,0.0635,32
0.025,hindunilvr,gate_qlike,921,0.026058631921824105,0.8380493995694757,0.5148799554054758,0.6782244619300875,-0.16875754567783366,0.058,24
0.025,hindunilvr,gate_variance,921,0.0249728555917481,0.9957893171514863,0.5544258782710184,0.6262433594150256,-0.20478452335477576,0.0435,23
0.025,nestleind,ewma,921,0.026058631921824105,0.8380493995694757,0.5148799554054758,0.6357611041564928,-0.0475261247488905,0.2015,24
0.025,nestleind,garch_t,921,0.021715526601520086,0.5138364935884399,0.5180910434346413,0.8875336779584992,0.09361868577033364,0.993,20
0.025,nestleind,egarch_t,921,0.021715526601520086,0.5138364935884399,0.5180910434346413,0.8913640088092598,0.08716331458761392,0.982,20
0.025,nestleind,gjr_t,921,0.021715526601520086,0.5138364935884399,0.5180910434346413,0.8960056608970619,0.09100224650580165,0.9895,20
0.025,nestleind,har,921,0.02823018458197611,0.5383015066042804,0.40007236310805677,0.8755839588532511,0.02360746685782619,0.6555,26
0.025,nestleind,vix,921,0.03257328990228013,0.15925068562567823,0.2289052484793706,0.02889102433111648,-0.022538653034211757,0.3295,30
0.025,nestleind,mean,921,0.0249728555917481,0.9957893171514863,0.5690076925328258,0.9046195416644625,0.05780640956693733,0.8885,23
0.025,nestleind,median,921,0.02280130293159609,0.6644850902124178,0.5573007790618307,0.8425897088620713,0.057200076488046786,0.871,21
0.025,nestleind,min_score,921,0.02823018458197611,0.5383015066042804,0.40007236310805677,0.8615758182400022,0.013168429187252879,0.569,26
0.025,nestleind,relative_score,921,0.02823018458197611,0.5383015066042804,0.40007236310805677,0.8774881077678446,0.02287988870437942,0.651,26
0.025,nestleind,previous_best,921,0.02823018458197611,0.5383015066042804,0.40007236310805677,0.8755839588532511,0.02360746685782619,0.6555,26
0.025,nestleind,gate,921,0.03691639522258415,0.030343560664839318,0.027029841523661828,0.006527254526588247,-0.0003419025908736777,0.483,34
0.025,nestleind,gate_noexpiry,921,0.029315960912052116,0.41393815437708625,0.32643638917414536,0.6489652498998506,0.00948484974670419,0.5615,27
0.025,nestleind,gate_noscale,921,0.026058631921824105,0.8380493995694757,0.5290428439605745,0.8822544723331665,0.06350899424570643,0.923,24
0.025,nestleind,gate_novix,921,0.03908794788273615,0.011297254420860109,0.009716876559398688,0.0026126121813811404,0.012728490507025422,0.5955,36
0.025,nestleind,gate_qlike,921,0.0249728555917481,0.9957893171514863,0.5690076925328258,0.8801946432019325,0.05961478876553637,0.898,23
0.025,nestleind,gate_variance,921,0.026058631921824105,0.8380493995694757,0.5290428439605745,0.8751462698134047,0.05846591921129072,0.881,24
0.025,sunpharma,ewma,921,0.026058631921824105,0.8380493995694757,0.8703707745939755,0.6764525780685771,0.0962105838591329,0.994,24
0.025,sunpharma,garch_t,921,0.02280130293159609,0.6644850902124178,0.5706227114570812,0.6751844880400901,0.10253088336370117,0.9975,21
0.025,sunpharma,egarch_t,921,0.019543973941368076,0.27043296513358833,0.3804120054507155,0.812418537227434,0.08358580309137298,0.992,18
0.025,sunpharma,gjr_t,921,0.02062975027144408,0.3812605316044264,0.46640024863952245,0.8666619902630431,0.11701626139103306,1.0,19
0.025,sunpharma,har,921,0.018458197611292075,0.1826598996421932,0.3045278884774459,0.7947712113808977,0.21005340442624926,1.0,17
0.025,sunpharma,vix,921,0.014115092290988056,0.02133652991367196,0.05866678738261593,0.24395821274139726,0.17687744836185906,1.0,13
0.025,sunpharma,mean,921,0.02062975027144408,0.3812605316044264,0.46640024863952245,0.8674612553963043,0.15825207484485695,1.0,19
0.025,sunpharma,median,921,0.02062975027144408,0.3812605316044264,0.46640024863952245,0.8791039919442751,0.12089009855533643,1.0,19
0.025,sunpharma,min_score,921,0.0249728555917481,0.9957893171514863,0.5690076925328258,0.8432608399923274,0.09079978047385728,0.997,23
0.025,sunpharma,relative_score,921,0.023887079261672096,0.8274865172725201,0.5839234603445749,0.6028434445081909,0.09647532707927828,0.999,22
0.025,sunpharma,previous_best,921,0.0249728555917481,0.9957893171514863,0.8723117484994173,0.6803335690390011,0.0927123599623605,0.9955,23
0.025,sunpharma,gate,921,0.03040173724212812,0.3095596253427495,0.25577175524398826,0.2470725142219609,0.055087224562497435,0.912,28
0.025,sunpharma,gate_noexpiry,921,0.02823018458197611,0.5383015066042804,0.40007236310805677,0.392831123563171,0.10047311058609437,0.995,26
0.025,sunpharma,gate_noscale,921,0.02062975027144408,0.3812605316044264,0.46640024863952245,0.8610644413776187,0.12737132207081228,1.0,19
0.025,sunpharma,gate_novix,921,0.03040173724212812,0.3095596253427495,0.25577175524398826,0.35199023656838824,0.06509112162004303,0.947,28
0.025,sunpharma,gate_qlike,921,0.021715526601520086,0.5138364935884399,0.5298591547010792,0.8709925438746573,0.06940758768582282,0.979,20
0.025,sunpharma,gate_variance,921,0.02280130293159609,0.6644850902124178,0.5706227114570812,0.9054156362279523,0.058967400417690795,0.931,21
0.05,nifty50,ewma,922,0.049891540130151846,0.9879396443079107,0.9779079777097208,0.16058162228180686,0.03229366753454561,0.7535,46
0.05,nifty50,garch_t,922,0.049891540130151846,0.9879396443079107,0.8961606243845627,0.5940220119965955,0.02752934528563152,0.716,46
0.05,nifty50,egarch_t,922,0.04229934924078091,0.27097678898525124,0.5253628897314366,0.42561301333354606,-0.04883409898251214,0.2515,39
0.05,nifty50,gjr_t,922,0.046637744034707156,0.635816847731451,0.3760771249053666,0.35552253427230274,-0.019459599578625978,0.342,43
0.05,nifty50,har,922,0.052060737527114966,0.7754381912789629,0.31716403805742704,0.008796369470744003,0.028410255637486333,0.683,48
0.05,nifty50,vix,922,0.05639913232104121,0.3818829983643278,0.16400979614504738,0.20121675132992647,0.05947546931381425,0.928,52
0.05,nifty50,mean,922,0.04772234273318872,0.749230269787059,0.7865512837470211,0.3885800946974094,0.027605728844227847,0.6745,44
0.05,nifty50,median,922,0.04880694143167028,0.8674868616354703,0.8518540420689871,0.4910246181340766,0.034749618741113326,0.761,45
0.05,nifty50,min_score,922,0.04880694143167028,0.8674868616354703,0.8518540420689871,0.7673872943396896,0.040268333246566576,0.768,45
0.05,nifty50,relative_score,922,0.05422993492407809,0.56075633387383,0.6245355638292874,0.43487434359223087,0.03603760009860061,0.7365,50
0.05,nifty50,previous_best,922,0.05639913232104121,0.3818829983643278,0.16400979614504738,0.08330980966877256,0.015555292495236643,0.563,52
0.05,nifty50,gate,922,0.04880694143167028,0.8674868616354703,0.976162758515371,0.4301644786193768,-0.010999841329970951,0.405,45
0.05,banknifty,ewma,921,0.05537459283387622,0.46158844530153675,0.15994459401252098,1.1008397214573076e-05,0.0009425860861079159,0.481,51
0.05,banknifty,garch_t,921,0.04451682953311618,0.43693281510011184,0.24931103945721103,0.08198358795470134,-0.0062515120008225355,0.4355,41
0.05,banknifty,egarch_t,921,0.04125950054288816,0.2100507773988014,0.10367939046617979,0.04059960938726454,-0.049708442274311135,0.2815,38
0.05,banknifty,gjr_t,921,0.03691639522258415,0.056534939291423454,0.01930483315122122,0.004644338349753485,-0.062477142139306364,0.2435,34
0.05,banknifty,har,921,0.04451682953311618,0.43693281510011184,0.08778384772080827,1.4541652680453519e-05,-0.05744340436897814,0.19,41
0.05,banknifty,vix,921,0.033659066232356136,0.015831541505600195,0.003578395376318032,0.00040407918941606975,-0.03122919781690753,0.3,31
0.05,banknifty,mean,921,0.03908794788273615,0.11472010257393933,0.04830096129611856,0.005927679170906454,-0.0410711848035224,0.275,36
0.05,banknifty,median,921,0.03908794788273615,0.11472010257393933,0.04830096129611856,0.005973723533367069,-0.04204777590603062,0.2715,36
0.05,banknifty,min_score,921,0.03474484256243214,0.0249271693223551,0.006553099021822344,5.821032483773657e-05,-0.02941429914557,0.296,32
0.05,banknifty,relative_score,921,0.033659066232356136,0.015831541505600195,0.003578395376318032,0.0004064440239595293,-0.031242059192961684,0.299,31
0.05,banknifty,previous_best,921,0.033659066232356136,0.015831541505600195,0.003578395376318032,0.00040407918941606975,-0.03122919781690753,0.3,31
0.05,banknifty,gate,921,0.04017372421281216,0.1571583273032354,0.19036205564231395,0.006396673762378509,-0.06419717801223467,0.2095,37
0.05,adanient,ewma,921,0.05863192182410423,0.24144557183615795,0.15721358531887322,0.005974522821512921,-0.11158490245701047,0.169,54
0.05,adanient,garch_t,921,0.038002171552660155,0.08161767091605149,0.18731002509797726,0.255139907455376,-0.08951837414035879,0.2525,35
0.05,adanient,egarch_t,921,0.04125950054288816,0.2100507773988014,0.42955056597501295,0.35878296117830005,-0.0802088316477204,0.2535,38
0.05,adanient,gjr_t,921,0.038002171552660155,0.08161767091605149,0.18731002509797726,0.24474915713986253,-0.07764980721309021,0.282,35
0.05,adanient,har,921,0.06080347448425624,0.14505818276753585,0.23783681382517785,0.26948377070728896,-0.12411444243128564,0.148,56
0.05,adanient,vix,921,0.04777415852334419,0.7549187028762481,0.015352166647306908,0.00033244723465049325,-0.22081551824760692,0.0675,44
0.05,adanient,mean,921,0.03908794788273615,0.11472010257393933,0.2556323932386909,0.175790738979014,-0.13201906169664737,0.172,36
0.05,adanient,median,921,0.04017372421281216,0.1571583273032354,0.3370029608532621,0.3984851248779335,-0.09751047109323203,0.234,37
0.05,adanient,min_score,921,0.04560260586319218,0.5344975056672218,0.8229614890723431,0.8305105472554783,-0.0953012230251361,0.2215,42
0.05,adanient,relative_score,921,0.04017372421281216,0.1571583273032354,0.3370029608532621,0.41935569458777505,-0.13912056244879606,0.161,37
0.05,adanient,previous_best,921,0.04017372421281216,0.1571583273032354,0.3370029608532621,0.3591950264367538,-0.1319833171062789,0.173,37
0.05,adanient,gate,921,0.05971769815418024,0.18860753669650374,0.3039709693640657,0.6450317728202115,-0.14629094395059822,0.126,55
0.05,tatasteel,ewma,921,0.05211726384364821,0.7696108382963297,0.6241455610892706,0.3397847444039477,0.009650316431222758,0.5625,48
0.05,tatasteel,garch_t,921,0.038002171552660155,0.08161767091605149,0.2091480384029616,0.4624610815936452,-0.03016162605435525,0.3045,35
0.05,tatasteel,egarch_t,921,0.035830618892508145,0.03808663939137468,0.11455424147359523,0.3278296818975351,-0.06940818797531886,0.1535,33
0.05,tatasteel,gjr_t,921,0.03691639522258415,0.056534939291423454,0.1574998870706312,0.4560358701075923,-0.029244934779126732,0.3165,34
0.05,tatasteel,har,921,0.04017372421281216,0.1571583273032354,0.19036205564231395,0.3703565659198085,0.0035888447079653434,0.508,37
0.05,tatasteel,vix,921,0.03474484256243214,0.0249271693223551,0.059261995577255304,0.22040566085888136,0.008346023308806724,0.536,32
0.05,tatasteel,mean,921,0.03908794788273615,0.11472010257393933,0.2556323932386909,0.4499103724044464,-0.00499252936360307,0.435,36
0.05,tatasteel,median,921,0.03908794788273615,0.11472010257393933,0.26849547548257374,0.5011712814449818,-0.015873891404992416,0.3645,36
0.05,tatasteel,min_score,921,0.03691639522258415,0.056534939291423454,0.13244747777660323,0.38397893644276454,0.002787490042094251,0.515,34
0.05,tatasteel,relative_score,921,0.04017372421281216,0.1571583273032354,0.0720929292023337,0.16510564447868525,0.006016681056262702,0.532,37
0.05,tatasteel,previous_best,921,0.04125950054288816,0.2100507773988014,0.10367939046617979,0.18510644274518787,-0.011637547748422484,0.3975,38
0.05,tatasteel,gate,921,0.04234527687296417,0.2741833988333562,0.4676788665964279,0.5986702476454602,-0.051569038683753426,0.2035,39
0.05,dlf,ewma,921,0.0499457111834962,0.9939674102682837,0.25732308165846157,0.009384291536162005,0.07577048866524329,0.9675,46
0.05,dlf,garch_t,921,0.03474484256243214,0.0249271693223551,0.024189625631862312,0.0471014281468736,0.11661829783049522,1.0,32
0.05,dlf,egarch_t,921,0.038002171552660155,0.08161767091605149,0.18731002509797726,0.21614630415257544,0.13163211175022504,0.9995,35
0.05,dlf,gjr_t,921,0.03257328990228013,0.009745617122223337,0.035413478598608134,0.22016667081753147,0.12796248306480681,0.9995,30
0.05,dlf,har,921,0.05428881650380022,0.5555979512991174,0.15205591487380507,0.06248638074540139,0.12509632118430875,1.0,50
0.05,dlf,vix,921,0.03474484256243214,0.0249271693223551,0.006553099021822344,0.029305161853579238,0.1234898474558995,1.0,32
0.05,dlf,mean,921,0.04125950054288816,0.2100507773988014,0.2575170890010371,0.4424908617970098,0.13781875628158122,1.0,38
0.05,dlf,median,921,0.04017372421281216,0.1571583273032354,0.19036205564231395,0.3133306717952681,0.13284223159549288,1.0,37
0.05,dlf,min_score,921,0.04668838219326819,0.6411494125818404,0.3782965200997212,0.23797513200696388,0.12252942926695141,1.0,43
0.05,dlf,relative_score,921,0.048859934853420196,0.873411468263849,0.5057118601967444,0.17007605440110188,0.12109690564408596,1.0,45
0.05,dlf,previous_best,921,0.05428881650380022,0.5555979512991174,0.15205591487380507,0.050312065971679386,0.12509632118430875,1.0,50
0.05,dlf,gate,921,0.053203040173724216,0.6587660725975624,0.6321295163627542,0.15880483842484874,0.08570193535949085,0.9625,49
0.05,hindunilvr,ewma,921,0.0499457111834962,0.9939674102682837,0.6026416207098364,0.017973673605616882,-0.20524969173724888,0.03,46
0.05,hindunilvr,garch_t,921,0.04234527687296417,0.2741833988333562,0.5298268615683369,0.34094665804126906,-0.12878496417459123,0.0835,39
0.05,hindunilvr,egarch_t,921,0.04668838219326819,0.6411494125818404,0.6404007761650025,0.30954636653731926,-0.10011441088126656,0.1115,43
0.05,hindunilvr,gjr_t,921,0.04234527687296417,0.2741833988333562,0.5298268615683369,0.2851927866061753,-0.1300302347338784,0.0795,39
0.05,hindunilvr,har,921,0.05754614549402823,0.30432333784802096,0.5067273227167761,0.2540341059650907,-0.10878408874080975,0.084,53
0.05,hindunilvr,vix,921,0.06297502714440825,0.08189287764446866,0.20505999674512326,0.05163405119498697,-0.1637333391212716,0.0145,58
0.05,hindunilvr,mean,921,0.04777415852334419,0.7549187028762481,0.6449043712355946,0.39725084412232126,-0.13474559670369768,0.0655,44
0.05,hindunilvr,median,921,0.04777415852334419,0.7549187028762481,0.9496904170183034,0.26780352789520895,-0.11089750704804723,0.0945,44
0.05,hindunilvr,min_score,921,0.05646036916395222,0.3776879937855886,0.6771850591685951,0.5025183291875441,-0.1313024015991042,0.0615,52
0.05,hindunilvr,relative_score,921,0.05754614549402823,0.30432333784802096,0.5897231118664861,0.41409473293308174,-0.1348413152378601,0.0565,53
0.05,hindunilvr,previous_best,921,0.06406080347448426,0.0601165593042249,0.16964814403728623,0.1112413815718998,-0.14570774353694774,0.035,59
0.05,hindunilvr,gate,921,0.06080347448425624,0.14505818276753585,0.33603299501709527,0.06154925271446694,-0.13207180486377815,0.04,56
0.05,nestleind,ewma,921,0.05863192182410423,0.24144557183615795,0.39121534791091844,0.11554835952796166,-0.004591102921811004,0.4375,54
0.05,nestleind,garch_t,921,0.04125950054288816,0.2100507773988014,0.09262287142609674,0.636402073431994,0.04167666824537641,0.842,38
0.05,nestleind,egarch_t,921,0.04451682953311618,0.43693281510011184,0.11446138968441,0.7265401699788613,0.0595113088004589,0.9375,41
0.05,nestleind,gjr_t,921,0.04017372421281216,0.1571583273032354,0.08137001715686135,0.6154101987651801,0.03386092887007044,0.786,37
0.05,nestleind,har,921,0.05971769815418024,0.18860753669650374,0.1327782059726687,0.6573468538291469,0.04001758980438226,0.856,55
0.05,nestleind,vix,921,0.06514657980456026,0.04345474696465995,0.11610640547856427,0.009510692650524415,-0.020443889745424198,0.304,60
0.05,nestleind,mean,921,0.051031487513572206,0.8861584625721903,0.08319907764192586,0.5237560591241739,0.04520448627936002,0.8785,47
0.05,nestleind,median,921,0.04451682953311618,0.43693281510011184,0.11446138968441,0.6896841078781477,0.024051182724678398,0.6905,41
0.05,nestleind,min_score,921,0.05863192182410423,0.24144557183615795,0.17342803809517313,0.6137695893043424,0.02251821694287181,0.695,54
0.05,nestleind,relative_score,921,0.05971769815418024,0.18860753669650374,0.1327782059726687,0.6579727763285368,0.0400778494260439,0.856,55
0.05,nestleind,previous_best,921,0.05971769815418024,0.18860753669650374,0.1327782059726687,0.6573468538291469,0.04001758980438226,0.856,55
0.05,nestleind,gate,921,0.07057546145494029,0.006822337538951084,0.009481655925138185,0.0024493406603057154,0.0013991381675331398,0.5,65
0.05,sunpharma,ewma,921,0.048859934853420196,0.873411468263849,0.2058702318420544,0.11495026401617107,0.04886445434087758,0.866,45
0.05,sunpharma,garch_t,921,0.03691639522258415,0.056534939291423454,0.12920341743093958,0.14354923635648756,0.029275289170073153,0.74,34
0.05,sunpharma,egarch_t,921,0.03474484256243214,0.0249271693223551,0.08065410746068827,0.4148231783496302,0.030795741047760852,0.758,32
0.05,sunpharma,gjr_t,921,0.03474484256243214,0.0249271693223551,0.08065410746068827,0.3441650683944497,0.04837547490690906,0.8725,32
0.05,sunpharma,har,921,0.04017372421281216,0.1571583273032354,0.33167522745255884,0.7263730968385733,0.15866003318309682,1.0,37
0.05,sunpharma,vix,921,0.03040173724212812,0.003345921814511141,0.013252764081850027,0.028408008856995497,0.12993250809793971,0.9995,28
0.05,sunpharma,mean,921,0.038002171552660155,0.08161767091605149,0.21119445014574936,0.7739425898387461,0.10161040059216886,0.998,35
0.05,sunpharma,median,921,0.035830618892508145,0.03808663939137468,0.11518226413874877,0.6551548788048867,0.05871527273809362,0.9245,33
0.05,sunpharma,min_score,921,0.04343105320304017,0.3498853138285276,0.4103394936164081,0.736328501967201,0.045520068413521866,0.874,40
0.05,sunpharma,relative_score,921,0.04451682953311618,0.43693281510011184,0.5036126837779091,0.7733040165559122,0.0885133370864585,0.995,41
0.05,sunpharma,previous_best,921,0.04777415852334419,0.7549187028762481,0.7708881926862683,0.6813883016621212,0.0835729092268039,0.9865,44
0.05,sunpharma,gate,921,0.053203040173724216,0.6587660725975624,0.8708000702250331,0.7897111148681636,0.0393260624607226,0.836,49
