asset,model,alpha,n,hit_rate,mean_fz0,fallback_blocks
nifty50,ewma,0.01,1670,0.014970059880239521,-3.3818458427790232,0
nifty50,ewma,0.025,1670,0.0281437125748503,-3.604745859437005,0
nifty50,ewma,0.05,1670,0.05149700598802395,-3.8155565771621087,0
nifty50,garch_t,0.01,1670,0.016766467065868262,-3.322670533606241,0
nifty50,garch_t,0.025,1670,0.02874251497005988,-3.5983485053054927,0
nifty50,garch_t,0.05,1670,0.05808383233532934,-3.813334994152483,0
nifty50,egarch_t,0.01,1670,0.016167664670658683,-3.2184362039598535,0
nifty50,egarch_t,0.025,1670,0.033532934131736525,-3.558704244802588,0
nifty50,egarch_t,0.05,1670,0.05748502994011976,-3.7993176838337326,0
nifty50,gjr_t,0.01,1670,0.016766467065868262,-3.343477381991522,0
nifty50,gjr_t,0.025,1670,0.029341317365269463,-3.6179401956414483,0
nifty50,gjr_t,0.05,1670,0.05568862275449102,-3.8306338336808703,0
nifty50,har,0.01,1670,0.014970059880239521,-3.318426645957687,0
nifty50,har,0.025,1670,0.02694610778443114,-3.5963330263964375,0
nifty50,har,0.05,1670,0.05748502994011976,-3.8156291496279175,0
nifty50,vix,0.01,1670,0.013173652694610778,-3.3861996548057363,0
nifty50,vix,0.025,1670,0.025149700598802394,-3.645718172783576,0
nifty50,vix,0.05,1670,0.05808383233532934,-3.8472636571879932,0
banknifty,ewma,0.01,1669,0.013181545835829839,-3.0639809079259614,0
banknifty,ewma,0.025,1669,0.03115638106650689,-3.3333243155460894,0
banknifty,ewma,0.05,1669,0.059316956261234274,-3.532973555505996,0
banknifty,garch_t,0.01,1669,0.014979029358897543,-3.0699233018722243,0
banknifty,garch_t,0.025,1669,0.03175554224086279,-3.3251138168481087,0
banknifty,garch_t,0.05,1669,0.05632115038945476,-3.543576615277976,0
banknifty,egarch_t,0.01,1669,0.014379868184541641,-3.0255497621203844,0
banknifty,egarch_t,0.025,1669,0.03055721989215099,-3.3305622261717276,0
banknifty,egarch_t,0.05,1669,0.05392450569203116,-3.5542508113662667,0
banknifty,gjr_t,0.01,1669,0.011983223487118035,-3.0800659981643115,0
banknifty,gjr_t,0.025,1669,0.02816057519472738,-3.3581837906212493,0
banknifty,gjr_t,0.05,1669,0.04973037747153984,-3.5681793289322328,0
banknifty,har,0.01,1669,0.015578190533253445,-3.0836541353896676,0
banknifty,har,0.025,1669,0.029358897543439184,-3.34974433537993,0
banknifty,har,0.05,1669,0.05392450569203116,-3.562953515938924,0
banknifty,vix,0.01,1669,0.012582384661473937,-3.178491526669136,0
banknifty,vix,0.025,1669,0.025164769322947873,-3.403390179288281,0
banknifty,vix,0.05,1669,0.04493708807669263,-3.606526826893334,0
adanient,ewma,0.01,1670,0.013173652694610778,-1.877637337410729,0
adanient,ewma,0.025,1670,0.026347305389221556,-2.308097001686438,0
adanient,ewma,0.05,1670,0.053293413173652694,-2.6298661440676216,0
adanient,garch_t,0.01,1670,0.00718562874251497,-2.039817383707789,0
adanient,garch_t,0.025,1670,0.019161676646706587,-2.4161675965767904,0
adanient,garch_t,0.05,1670,0.03832335329341317,-2.6970385555339966,0
adanient,egarch_t,0.01,1670,0.007784431137724551,-2.0539675842165006,0
adanient,egarch_t,0.025,1670,0.018562874251497007,-2.435494452247221,0
adanient,egarch_t,0.05,1670,0.0407185628742515,-2.7145360751880436,0
adanient,gjr_t,0.01,1670,0.00718562874251497,-2.0568094811902435,0
adanient,gjr_t,0.025,1670,0.017964071856287425,-2.43502848387319,0
adanient,gjr_t,0.05,1670,0.03772455089820359,-2.7119523547920767,0
adanient,har,0.01,1670,0.011976047904191617,-1.9854020588520247,0
adanient,har,0.025,1670,0.0281437125748503,-2.4093104054504564,0
adanient,har,0.05,1670,0.05449101796407185,-2.705819769425413,0
adanient,vix,0.01,1670,0.008982035928143712,-1.808730611454084,0
adanient,vix,0.025,1670,0.019161676646706587,-2.261766573352564,0
adanient,vix,0.05,1670,0.040119760479041915,-2.5765131301341153,0
tatasteel,ewma,0.01,1670,0.010778443113772455,-2.598644785710784,0
tatasteel,ewma,0.025,1670,0.023952095808383235,-2.8259743158676613,0
tatasteel,ewma,0.05,1670,0.05389221556886228,-3.0339456679041854,0
tatasteel,garch_t,0.01,1670,0.013772455089820359,-2.586723122627113,0
tatasteel,garch_t,0.025,1670,0.02694610778443114,-2.8050138240614126,0
tatasteel,garch_t,0.05,1670,0.04970059880239521,-3.0162915342664567,0
tatasteel,egarch_t,0.01,1670,0.01437125748502994,-2.565921530569053,0
tatasteel,egarch_t,0.025,1670,0.029940119760479042,-2.791010955351599,0
tatasteel,egarch_t,0.05,1670,0.04970059880239521,-3.0161996014216195,0
tatasteel,gjr_t,0.01,1670,0.013772455089820359,-2.5739269038224495,0
tatasteel,gjr_t,0.025,1670,0.027544910179640718,-2.8012304049961636,0
tatasteel,gjr_t,0.05,1670,0.048502994011976046,-3.016563524214775,0
tatasteel,har,0.01,1670,0.010179640718562874,-2.6534164888730314,0
tatasteel,har,0.025,1670,0.024550898203592814,-2.8517865020991384,0
tatasteel,har,0.05,1670,0.05149700598802395,-3.0476447991200475,0
tatasteel,vix,0.01,1670,0.007784431137724551,-2.5640566420677904,0
tatasteel,vix,0.025,1670,0.016766467065868262,-2.824426040200349,0
tatasteel,vix,0.05,1670,0.041916167664670656,-3.0461261965201323,0
dlf,ewma,0.01,1667,0.008998200359928014,-2.4616294430956196,0
dlf,ewma,0.025,1667,0.02399520095980804,-2.7206467716606073,0
dlf,ewma,0.05,1667,0.04799040191961608,-2.925332963301663,0
dlf,garch_t,0.01,1667,0.004199160167966407,-2.502509820255467,0
dlf,garch_t,0.025,1667,0.01919616076784643,-2.7453168765345466,0
dlf,garch_t,0.05,1667,0.04499100179964007,-2.940922540280448,0
dlf,egarch_t,0.01,1667,0.00599880023995201,-2.5007459044318567,0
dlf,egarch_t,0.025,1667,0.017996400719856028,-2.755195398482053,0
dlf,egarch_t,0.05,1667,0.04439112177564487,-2.9546635705594824,0
dlf,gjr_t,0.01,1667,0.005398920215956809,-2.4940092530538447,0
dlf,gjr_t,0.025,1667,0.017996400719856028,-2.7477261744751713,0
dlf,gjr_t,0.05,1667,0.041991601679664065,-2.947533143437988,0
dlf,har,0.01,1667,0.00599880023995201,-2.547207279198555,0
dlf,har,0.025,1667,0.023395320935812838,-2.785718232114947,0
dlf,har,0.05,1667,0.055188962207558485,-2.9628829814201256,0
dlf,vix,0.01,1667,0.0023995200959808036,-2.4494304001420026,0
dlf,vix,0.025,1667,0.013197360527894421,-2.7202434611291713,0
dlf,vix,0.05,1667,0.03119376124775045,-2.9221177950137234,0
hindunilvr,ewma,0.01,1670,0.01437125748502994,-2.8560570827592975,0
hindunilvr,ewma,0.025,1670,0.031137724550898204,-3.196369600276458,0
hindunilvr,ewma,0.05,1670,0.052095808383233536,-3.4373460251108576,0
hindunilvr,garch_t,0.01,1670,0.010778443113772455,-2.9693410653988694,0
hindunilvr,garch_t,0.025,1670,0.02694610778443114,-3.2424045546835853,0
hindunilvr,garch_t,0.05,1670,0.04610778443113772,-3.47004228010854,0
hindunilvr,egarch_t,0.01,1670,0.012574850299401197,-2.9718396371219558,0
hindunilvr,egarch_t,0.025,1670,0.02694610778443114,-3.251259515905269,0
hindunilvr,egarch_t,0.05,1670,0.04730538922155689,-3.4744924824456276,0
hindunilvr,gjr_t,0.01,1670,0.011976047904191617,-2.969090542235781,0
hindunilvr,gjr_t,0.025,1670,0.02694610778443114,-3.2452852556583145,0
hindunilvr,gjr_t,0.05,1670,0.04610778443113772,-3.4694444519578616,0
hindunilvr,har,0.01,1670,0.018562874251497007,-2.935340194728611,0
hindunilvr,har,0.025,1670,0.032335329341317366,-3.277756714676934,0
hindunilvr,har,0.05,1670,0.06107784431137724,-3.504257929458106,0
hindunilvr,vix,0.01,1670,0.016766467065868262,-2.9286343104510615,0
hindunilvr,vix,0.025,1670,0.029341317365269463,-3.2653952678593186,0
hindunilvr,vix,0.05,1670,0.05149700598802395,-3.4900791073912263,0
nestleind,ewma,0.01,1670,0.011976047904191617,-3.1868549153919266,0
nestleind,ewma,0.025,1670,0.025149700598802394,-3.391437163183783,0
nestleind,ewma,0.05,1670,0.05748502994011976,-3.5668149122341513,0
nestleind,garch_t,0.01,1670,0.006586826347305389,-3.1825006215313354,0
nestleind,garch_t,0.025,1670,0.02035928143712575,-3.3848608069357358,0
nestleind,garch_t,0.05,1670,0.041916167664670656,-3.569237242058486,0
nestleind,egarch_t,0.01,1670,0.006586826347305389,-3.1837718249300813,0
nestleind,egarch_t,0.025,1670,0.020958083832335328,-3.391430741582941,0
nestleind,egarch_t,0.05,1670,0.04251497005988024,-3.5761087708497112,0
nestleind,gjr_t,0.01,1670,0.00718562874251497,-3.181931783711754,0
nestleind,gjr_t,0.025,1670,0.02035928143712575,-3.38573897095893,0
nestleind,gjr_t,0.05,1670,0.041916167664670656,-3.570100942257586,0
nestleind,har,0.01,1670,0.011377245508982036,-3.2421963694335574,0
nestleind,har,0.025,1670,0.025149700598802394,-3.441210423507636,0
nestleind,har,0.05,1670,0.05389221556886228,-3.6238617381251994,0
nestleind,vix,0.01,1670,0.008383233532934131,-3.1057538820393975,0
nestleind,vix,0.025,1670,0.02215568862275449,-3.336696801659291,0
nestleind,vix,0.05,1670,0.04610778443113772,-3.5348657890282387,0
sunpharma,ewma,0.01,1670,0.00718562874251497,-3.0314429282949202,0
sunpharma,ewma,0.025,1670,0.01976047904191617,-3.255456575343875,0
sunpharma,ewma,0.05,1670,0.04910179640718563,-3.475406197301555,0
sunpharma,garch_t,0.01,1670,0.005389221556886228,-3.0164834253011326,0
sunpharma,garch_t,0.025,1670,0.01976047904191617,-3.2457951078562948,0
sunpharma,garch_t,0.05,1670,0.03293413173652695,-3.451119656452876,0
sunpharma,egarch_t,0.01,1670,0.005389221556886228,-3.0303543591493507,0
sunpharma,egarch_t,0.025,1670,0.017365269461077845,-3.2642537984442814,0
sunpharma,egarch_t,0.05,1670,0.03173652694610778,-3.4710782427089226,0
sunpharma,gjr_t,0.01,1670,0.004790419161676647,-2.9962640690499307,0
sunpharma,gjr_t,0.025,1670,0.017365269461077845,-3.2432906426560577,0
sunpharma,gjr_t,0.05,1670,0.03053892215568862,-3.447946014415114,0
sunpharma,har,0.01,1670,0.0023952095808383233,-2.9942255889099068,0
sunpharma,har,0.025,1670,0.014970059880239521,-3.2574635831185725,0
sunpharma,har,0.05,1670,0.037125748502994015,-3.4911284897572545,0
sunpharma,vix,0.01,1670,0.0011976047904191617,-2.8174015118142104,0
sunpharma,vix,0.025,1670,0.008982035928143712,-3.1069216343824495,0
sunpharma,vix,0.05,1670,0.023952095808383235,-3.3712136937125585,0
