alpha,asset,other,dm_stat,p
0.01,nifty50,ewma,1.4667944849108727,0.14277333170415024
0.01,nifty50,garch_t,1.5649859254862442,0.1179297190579603
0.01,nifty50,egarch_t,-0.36401518467556904,0.7159302195031338
0.01,nifty50,gjr_t,0.5385165733394341,0.5903505913737461
0.01,nifty50,har,0.7971734836803981,0.4255557436104328
0.01,nifty50,vix,1.102306576321072,0.2706163741907172
0.01,nifty50,mean,1.5426189707427835,0.12326675668972173
0.01,nifty50,median,1.5929733564184254,0.11150928573352441
0.01,nifty50,min_score,1.4975108353286648,0.13460301406743355
0.01,nifty50,relative_score,1.17374014711491,0.24080255541093215
0.01,nifty50,previous_best,-0.5539776061091313,0.5797286445121858
0.01,banknifty,ewma,0.4066202888208572,0.6843814656242581
0.01,banknifty,garch_t,0.37924441399533804,0.7045938862005349
0.01,banknifty,egarch_t,-1.6175499645378684,0.10610240297557914
0.01,banknifty,gjr_t,-1.7199086569253184,0.08578535332508817
0.01,banknifty,har,-0.2318605214464154,0.8166979097772618
0.01,banknifty,vix,0.6208743515087252,0.5348360810641961
0.01,banknifty,mean,0.2148182830130059,0.8299566052627956
0.01,banknifty,median,0.3064192145233966,0.7593548119918541
0.01,banknifty,min_score,0.5448950304639596,0.5859577726110887
0.01,banknifty,relative_score,0.6073759720102542,0.5437513077639176
0.01,banknifty,previous_best,0.6208743515087252,0.5348360810641961
0.01,adanient,ewma,0.01647812517423287,0.9868565260291718
0.01,adanient,garch_t,1.1144234005322642,0.2653886322397336
0.01,adanient,egarch_t,1.1353031891801812,0.25654398753689706
0.01,adanient,gjr_t,1.0812921481773465,0.2798505288271915
0.01,adanient,har,1.3428077269743732,0.17966543574589727
0.01,adanient,vix,-0.5074886501007771,0.6119336288146385
0.01,adanient,mean,1.1606058824810537,0.24610328105515572
0.01,adanient,median,1.189517512095057,0.23454298031741985
0.01,adanient,min_score,1.033002234402672,0.30187431979848955
0.01,adanient,relative_score,1.0641158672059812,0.2875554234034219
0.01,adanient,previous_best,1.046109718310905,0.2957851443905352
0.01,tatasteel,ewma,0.018107355921535395,0.9855571358195354
0.01,tatasteel,garch_t,-0.20300793212054397,0.8391737208109507
0.01,tatasteel,egarch_t,-1.2917552458716617,0.19676633124572185
0.01,tatasteel,gjr_t,-0.8221384525825243,0.4112111199043966
0.01,tatasteel,har,0.8297090269880865,0.406918548818786
0.01,tatasteel,vix,0.4672123140058505,0.6404586173923096
0.01,tatasteel,mean,0.43934793889660156,0.6605126162611631
0.01,tatasteel,median,-0.1097216173641299,0.9126540838272745
0.01,tatasteel,min_score,0.6295058696393337,0.5291742168316088
0.01,tatasteel,relative_score,0.7460107485190923,0.45585149099280775
0.01,tatasteel,previous_best,0.8297090269880865,0.406918548818786
0.01,dlf,ewma,0.011830974672614935,0.9905630331620735
0.01,dlf,garch_t,-0.3706774911597239,0.7109630869647218
0.01,dlf,egarch_t,-0.6617612768915969,0.508289937052277
0.01,dlf,gjr_t,-0.8869752637108884,0.37532402095730977
0.01,dlf,har,0.9924404123218674,0.32124367891359407
0.01,dlf,vix,-0.13014697475560744,0.8964785957102389
0.01,dlf,mean,0.028254962090293236,0.9774649290399966
0.01,dlf,median,-0.23058639505553916,0.8176874025493245
0.01,dlf,min_score,0.8147639933510779,0.41541827002642695
0.01,dlf,relative_score,0.7918262922610824,0.4286660771256424
0.01,dlf,previous_best,0.9924404123218674,0.32124367891359407
0.01,hindunilvr,ewma,-1.3970391294547613,0.16273866613644736
0.01,hindunilvr,garch_t,-0.2171749553686876,0.8281201536115824
0.01,hindunilvr,egarch_t,0.08247066331983673,0.9342903851689771
0.01,hindunilvr,gjr_t,-0.25441446720886624,0.7992322285828337
0.01,hindunilvr,har,0.11828522066546733,0.9058674875587047
0.01,hindunilvr,vix,-1.6017007371569367,0.10956507997621373
0.01,hindunilvr,mean,-0.4588498413214904,0.6464503814587313
0.01,hindunilvr,median,-0.10092729027564587,0.9196301694961114
0.01,hindunilvr,min_score,-0.7884877659886455,0.43061457512165857
0.01,hindunilvr,relative_score,-0.8574384159559486,0.39142593823610955
0.01,hindunilvr,previous_best,-0.9971924473207936,0.3189333073272587
0.01,nestleind,ewma,0.38042719474961667,0.7037161465648104
0.01,nestleind,garch_t,0.5133720998283032,0.6078143158164997
0.01,nestleind,egarch_t,0.4462217147666464,0.6555421005572336
0.01,nestleind,gjr_t,0.4481543210414876,0.6541473439714142
0.01,nestleind,har,2.1587366952205627,0.031128597863361807
0.01,nestleind,vix,-1.0780472138208803,0.281295261933282
0.01,nestleind,mean,1.0783390017111987,0.28116514293780276
0.01,nestleind,median,0.7629145636930864,0.44570991975832064
0.01,nestleind,min_score,1.9486254764401603,0.05164385919981386
0.01,nestleind,relative_score,1.5361866223102263,0.12483643937219002
0.01,nestleind,previous_best,2.1587366952205627,0.031128597863361807
0.01,sunpharma,ewma,-0.5886103476378217,0.5562671687437494
0.01,sunpharma,garch_t,-0.9104266733932371,0.3628360002910478
0.01,sunpharma,egarch_t,-0.3511539992686191,0.7255532170078703
0.01,sunpharma,gjr_t,-1.2565117376890464,0.20924943899330017
0.01,sunpharma,har,-1.0042704738970984,0.31551232176969457
0.01,sunpharma,vix,-3.358320302869184,0.0008163615444035813
0.01,sunpharma,mean,-1.191232658742988,0.2338694924731001
0.01,sunpharma,median,-1.0251006633831048,0.30558514593653757
0.01,sunpharma,min_score,-0.5524033883945095,0.5808061840337838
0.01,sunpharma,relative_score,-0.5748230652123412,0.5655515016515603
0.01,sunpharma,previous_best,-0.6145309163637941,0.5390164949978168
0.01,ALL,ewma,-0.03194701281012998,0.9745212437200592
0.01,ALL,garch_t,0.8774890246085041,0.3804504117027271
0.01,ALL,egarch_t,0.28947595879246063,0.7722824676804215
0.01,ALL,gjr_t,0.29490549106133757,0.7681326835957469
0.01,ALL,har,1.2633431180083172,0.20678629916991187
0.01,ALL,vix,-0.743935504714741,0.45710565586597596
0.01,ALL,mean,0.9226582457779763,0.35642749772664095
0.01,ALL,median,0.9842361954002348,0.3252584384386248
0.01,ALL,min_score,1.1759746275762515,0.2399095575895488
0.01,ALL,relative_score,1.1968041219562966,0.23169155401094133
0.01,ALL,previous_best,1.037592402000727,0.2997327812363277
0.025,nifty50,ewma,0.85934444924391,0.3903741188364794
0.025,nifty50,garch_t,1.22884931677298,0.21944219220129435
0.025,nifty50,egarch_t,-0.25108182343969965,0.8018068547009617
0.025,nifty50,gjr_t,0.7884392022510794,0.4306427363217916
0.025,nifty50,har,0.042114279106131816,0.9664167251797814
0.025,nifty50,vix,1.1473846091210596,0.25152066174767385
0.025,nifty50,mean,1.306491225803522,0.19171171733407222
0.025,nifty50,median,1.3425797452184969,0.17973890090740188
0.025,nifty50,min_score,1.329667418205288,0.18395709771252408
0.025,nifty50,relative_score,1.2120324264799398,0.22581080953521418
0.025,nifty50,previous_best,1.0535438714814902,0.2923681110184037
0.025,nifty50,gate_noexpiry,1.7117662393487345,0.08727641409670578
0.025,nifty50,gate_noscale,0.9505820986689615,0.3420659373320728
0.025,nifty50,gate_novix,0.13693435952910185,0.8911126070913344
0.025,nifty50,gate_qlike,1.2584550266598844,0.20854615917378225
0.025,nifty50,gate_variance,0.41534636672499825,0.6779851059637452
0.025,banknifty,ewma,0.30221380829836847,0.7625573860057212
0.025,banknifty,garch_t,0.2760699374297601,0.7825563510565046
0.025,banknifty,egarch_t,-0.15724627302318797,0.8750852638288412
0.025,banknifty,gjr_t,-0.10453508127855785,0.9167675145646804
0.025,banknifty,har,-0.5935688859208993,0.5529463974077423
0.025,banknifty,vix,0.3993521843016712,0.68972640688927
0.025,banknifty,mean,0.35207877321669445,0.7248598176355515
0.025,banknifty,median,0.3475126637018397,0.7282856920059014
0.025,banknifty,min_score,0.17579663207981866,0.8604924013024544
0.025,banknifty,relative_score,0.3471581461710899,0.7285519091085954
0.025,banknifty,previous_best,0.3993521843016712,0.68972640688927
0.025,banknifty,gate_noexpiry,0.31001619192813734,0.7566188528880652
0.025,banknifty,gate_noscale,0.11189282620682885,0.9109327920457058
0.025,banknifty,gate_novix,-0.6447304766948354,0.5192625889583167
0.025,banknifty,gate_qlike,0.3383459547228616,0.735179693894542
0.025,banknifty,gate_variance,-0.15814256167622479,0.87437916706827
0.025,adanient,ewma,-0.514204913007553,0.6072322215519894
0.025,adanient,garch_t,0.8678006279373354,0.3857297830783426
0.025,adanient,egarch_t,1.023572283093538,0.30630640410668114
0.025,adanient,gjr_t,0.9316721184701957,0.3517504196248419
0.025,adanient,har,1.2742513231523138,0.20289613721547792
0.025,adanient,vix,-0.6709026117698756,0.5024509660973971
0.025,adanient,mean,1.1350760102988902,0.2566391036033007
0.025,adanient,median,1.1294812457805727,0.2589892815234067
0.025,adanient,min_score,0.9134729485830086,0.3612331775896614
0.025,adanient,relative_score,0.8810371536396132,0.3785278136963663
0.025,adanient,previous_best,0.8318924735361692,0.4056855109583204
0.025,adanient,gate_noexpiry,1.2223764131591,0.2218783836040954
0.025,adanient,gate_noscale,1.276546503050361,0.20208452938130442
0.025,adanient,gate_novix,0.5230368608200092,0.6010745432989626
0.025,adanient,gate_qlike,1.2947597751392297,0.19572796180119717
0.025,adanient,gate_variance,0.5067828157099865,0.6124286509196205
0.025,tatasteel,ewma,-0.203175917655648,0.8390424621793872
0.025,tatasteel,garch_t,-1.0772199205052893,0.2816644051120269
0.025,tatasteel,egarch_t,-2.1371959804518608,0.0328451805008166
0.025,tatasteel,gjr_t,-1.6805467251878305,0.09319044797587563
0.025,tatasteel,har,0.2669663372433803,0.7895549083722556
0.025,tatasteel,vix,0.1349224228982821,0.8927027227280752
0.025,tatasteel,mean,-0.4132186055184623,0.6795427498482932
0.025,tatasteel,median,-0.9277368521443989,0.3537874102244873
0.025,tatasteel,min_score,-0.122432110022602,0.9025835480149741
0.025,tatasteel,relative_score,0.08623522410047159,0.931298193991094
0.025,tatasteel,previous_best,0.2669663372433803,0.7895549083722556
0.025,tatasteel,gate_noexpiry,0.49864297029818155,0.6181501218669151
0.025,tatasteel,gate_noscale,-0.2123207913538159,0.8319038070383828
0.025,tatasteel,gate_novix,0.4820527272760768,0.6298831466261228
0.025,tatasteel,gate_qlike,0.5204312963298707,0.6028882180552608
0.025,tatasteel,gate_variance,0.39161220590243273,0.6954354547821261
0.025,dlf,ewma,-0.7587328180726987,0.44820673383195747
0.025,dlf,garch_t,-0.9685180647790396,0.3330402405100415
0.025,dlf,egarch_t,-0.9436974679292501,0.3455720217087754
0.025,dlf,gjr_t,-1.188706822536166,0.23486179280165745
0.025,dlf,har,0.40078586288578255,0.6886708454622332
0.025,dlf,vix,-0.2598403143894739,0.795045089010894
0.025,dlf,mean,-0.4314921224036142,0.6662116718383149
0.025,dlf,median,-0.664827841076979,0.5063272231468277
0.025,dlf,min_score,0.29951765800270264,0.764612753189456
0.025,dlf,relative_score,0.21456497215356815,0.8301540549125396
0.025,dlf,previous_best,0.40078586288578255,0.6886708454622332
0.025,dlf,gate_noexpiry,-0.4580808532567147,0.6470025287723289
0.025,dlf,gate_noscale,-0.32661373162779556,0.7440343443325812
0.025,dlf,gate_novix,-0.28378225921807787,0.7766411015512281
0.025,dlf,gate_qlike,0.648822252461241,0.5166151944277699
0.025,dlf,gate_variance,0.33709998976966543,0.7361184123226276
0.025,hindunilvr,ewma,-1.0791726439457754,0.28079361657707796
0.025,hindunilvr,garch_t,0.3230460467886693,0.7467337773832149
0.025,hindunilvr,egarch_t,0.7560963346240834,0.4497849924156446
0.025,hindunilvr,gjr_t,0.2566747428834064,0.7974872580977022
0.025,hindunilvr,har,1.6006066254613747,0.10980738075293178
0.025,hindunilvr,vix,-0.4953197704774846,0.6204926993205695
0.025,hindunilvr,mean,0.768475464459279,0.4424019756343439
0.025,hindunilvr,median,0.6330537476477982,0.5268558667012943
0.025,hindunilvr,min_score,1.090382482274114,0.27583019509746654
0.025,hindunilvr,relative_score,0.3973015904264485,0.6912372300918621
0.025,hindunilvr,previous_best,-0.30695229022032483,0.758949148675417
0.025,hindunilvr,gate_noexpiry,-0.13644357864589685,0.8915004756530814
0.025,hindunilvr,gate_noscale,1.0616833266118164,0.2886580865724163
0.025,hindunilvr,gate_novix,0.2767885355631687,0.7820046575426399
0.025,hindunilvr,gate_qlike,1.375270128718151,0.1693824950508813
0.025,hindunilvr,gate_variance,0.7684013156605138,0.4424459908721945
0.025,nestleind,ewma,0.6553534943499444,0.5124040191476895
0.025,nestleind,garch_t,0.7665355077883608,0.44355437290724564
0.025,nestleind,egarch_t,0.8257398333269349,0.409165762489337
0.025,nestleind,gjr_t,0.749738799663601,0.4536037065888361
0.025,nestleind,har,1.8804242931134751,0.06036598968414712
0.025,nestleind,vix,-0.45984020717598534,0.645739568155728
0.025,nestleind,mean,1.202827661299808,0.22935247401470102
0.025,nestleind,median,0.9038694510342432,0.36630123981113427
0.025,nestleind,min_score,1.8084131517613429,0.07086862531765917
0.025,nestleind,relative_score,1.852363454848654,0.06429378965749609
0.025,nestleind,previous_best,1.8804242931134751,0.06036598968414712
0.025,nestleind,gate_noexpiry,1.2443806518425666,0.21367642203090353
0.025,nestleind,gate_noscale,1.5200041133930309,0.12885352402963943
0.025,nestleind,gate_novix,0.054393288812424445,0.9566336348503726
0.025,nestleind,gate_qlike,1.3757415970882205,0.16923647777401055
0.025,nestleind,gate_variance,1.3565082549898184,0.1752702893280811
0.025,sunpharma,ewma,0.06652881067037311,0.9469712753009889
0.025,sunpharma,garch_t,-0.28977739906127314,0.7720518339133393
0.025,sunpharma,egarch_t,0.26986909767663436,0.7873214818572875
0.025,sunpharma,gjr_t,-0.29592714755247435,0.7673524998239054
0.025,sunpharma,har,0.23374982641562667,0.8152312053368446
0.025,sunpharma,vix,-1.74184128765087,0.08187042737305607
0.025,sunpharma,mean,-0.06821410973644425,0.9456300173973813
0.025,sunpharma,median,-0.06320369322446161,0.9496180329106807
0.025,sunpharma,min_score,0.805530013299776,0.42072203636856864
0.025,sunpharma,relative_score,0.13533401842010087,0.8923773932738188
0.025,sunpharma,previous_best,0.21031639803886182,0.8334673066914546
0.025,sunpharma,gate_noexpiry,0.8207722629680954,0.4119886173399679
0.025,sunpharma,gate_noscale,0.028771746014415813,0.977052874880745
0.025,sunpharma,gate_novix,2.305816761158674,0.02134247862788586
0.025,sunpharma,gate_qlike,1.1004236541761017,0.2714354178220727
0.025,sunpharma,gate_variance,0.990147244994752,0.32236249112012644
0.025,ALL,ewma,-0.18971510022808472,0.8495742809261396
0.025,ALL,garch_t,0.6006751195249853,0.548204499601124
0.025,ALL,egarch_t,0.5152359618414796,0.6065120508308358
0.025,ALL,gjr_t,0.3598529497944843,0.7190397815000331
0.025,ALL,har,1.4012821543138394,0.16146731857867502
0.025,ALL,vix,-0.4801308066073752,0.6312486414928117
0.025,ALL,mean,1.0977680616477874,0.2725933188460246
0.025,ALL,median,0.9785945644617199,0.3280378802550477
0.025,ALL,min_score,1.4163501366225635,0.15701186893422148
0.025,ALL,relative_score,1.2854324349842137,0.19896504296798767
0.025,ALL,previous_best,1.1831904867483003,0.23703964689450027
0.025,ALL,gate_noexpiry,1.5029952897469918,0.13318379918392934
0.025,ALL,gate_noscale,1.3047573404685715,0.19230211416334922
0.025,ALL,gate_novix,0.5136868347639747,0.6075944369183683
0.025,ALL,gate_qlike,2.2701766648676567,0.02342768615931964
0.025,ALL,gate_variance,1.1607407217938217,0.24604878062241672
0.05,nifty50,ewma,-0.04843486118339142,0.9613801776162992
0.05,nifty50,garch_t,0.2811272123752966,0.778675974217469
0.05,nifty50,egarch_t,-1.2577757330444541,0.2087916806069345
0.05,nifty50,gjr_t,-0.7454418067206463,0.45619487223637056
0.05,nifty50,har,-1.611693622753214,0.1073712361213299
0.05,nifty50,vix,0.6142415792183487,0.5392073978534428
0.05,nifty50,mean,0.3224508173266736,0.7471843730670388
0.05,nifty50,median,0.5113097345056143,0.6092567433167186
0.05,nifty50,min_score,0.4083875115922484,0.6830841293784038
0.05,nifty50,relative_score,-0.20687559044003584,0.8361527474324473
0.05,nifty50,previous_best,-2.0026629203070065,0.045506196784739314
0.05,banknifty,ewma,-1.261655830608404,0.20739243965483903
0.05,banknifty,garch_t,-0.7708887993355541,0.4409707737897743
0.05,banknifty,egarch_t,-1.157352219086847,0.2474288777981305
0.05,banknifty,gjr_t,-1.2150704243098265,0.22465097185813732
0.05,banknifty,har,-1.9620937829228466,0.05005268917726758
0.05,banknifty,vix,-0.017214643098610257,0.9862691128799622
0.05,banknifty,mean,-0.7082804590063435,0.47895051881815176
0.05,banknifty,median,-0.5486197656032076,0.5833995256089038
0.05,banknifty,min_score,-0.20300990974709393,0.839172175529481
0.05,banknifty,relative_score,-0.031421836738933305,0.974939941752854
0.05,banknifty,previous_best,-0.017214643098610257,0.9862691128799622
0.05,adanient,ewma,-0.8334934082628427,0.4047828518824726
0.05,adanient,garch_t,0.8044755351737867,0.42133022519905783
0.05,adanient,egarch_t,1.0333058075351793,0.3017323541053421
0.05,adanient,gjr_t,0.8895589205720759,0.3739353128940638
0.05,adanient,har,1.547019201699118,0.12220251664340204
0.05,adanient,vix,-0.7605579445685539,0.44711601983612975
0.05,adanient,mean,1.341007217146724,0.18024908874106618
0.05,adanient,median,1.217938118602556,0.22355975339881906
0.05,adanient,min_score,1.1407253393418022,0.25428109591493203
0.05,adanient,relative_score,0.9916784625496934,0.3216151440481018
0.05,adanient,previous_best,0.651620580930752,0.5148087077919742
0.05,tatasteel,ewma,-1.4797876605388256,0.13927225634003895
0.05,tatasteel,garch_t,-2.678995328633956,0.007516134788544276
0.05,tatasteel,egarch_t,-3.0660972432455393,0.0022320848394080813
0.05,tatasteel,gjr_t,-3.0791253457948806,0.0021377037432514187
0.05,tatasteel,har,-0.3177870321039757,0.7507186018034335
0.05,tatasteel,vix,-0.2925704998508142,0.7699164344597179
0.05,tatasteel,mean,-1.6281965675853654,0.10382558539008797
0.05,tatasteel,median,-2.1297062519184498,0.03346076346380241
0.05,tatasteel,min_score,-0.6256048633763008,0.5317293039896471
0.05,tatasteel,relative_score,-0.8519617129842117,0.3944570571271307
0.05,tatasteel,previous_best,-1.1476662386354348,0.2514047198782879
0.05,dlf,ewma,-0.9133078352585549,0.36131993915880095
0.05,dlf,garch_t,-0.8711644216814581,0.38389164928534897
0.05,dlf,egarch_t,-0.5507874188161569,0.5819131280087803
0.05,dlf,gjr_t,-0.7706659833534132,0.44110280090860443
0.05,dlf,har,0.08736326422301005,0.9304017796654759
0.05,dlf,vix,-0.34935811525083116,0.7269004218348882
0.05,dlf,mean,-0.170869888346495,0.864363645306122
0.05,dlf,median,-0.32654281215745146,0.7440879738903732
0.05,dlf,min_score,0.022969726493707612,0.9816794021836466
0.05,dlf,relative_score,0.02648319890166948,0.9788776774579965
0.05,dlf,previous_best,-0.044787777379090545,0.9642861866837241
0.05,hindunilvr,ewma,-1.5771606686844477,0.1151023268918629
0.05,hindunilvr,garch_t,0.19512807003820443,0.8453357718222467
0.05,hindunilvr,egarch_t,0.608085858156299,0.5432806131838906
0.05,hindunilvr,gjr_t,0.03479399417882248,0.9722515571295475
0.05,hindunilvr,har,1.65044888781604,0.09919247357118752
0.05,hindunilvr,vix,-0.11451402766691082,0.9088553133713476
0.05,hindunilvr,mean,0.8096225660190969,0.4183664797549286
0.05,hindunilvr,median,0.5160431572942137,0.6059482651106443
0.05,hindunilvr,min_score,1.9003246635132411,0.0577029119015159
0.05,hindunilvr,relative_score,1.2367022798743157,0.21651323544989962
0.05,hindunilvr,previous_best,0.07245371770320369,0.942256584617369
0.05,nestleind,ewma,0.6293616261854609,0.5292685821276251
0.05,nestleind,garch_t,0.6916179686385063,0.48935176562192045
0.05,nestleind,egarch_t,0.8945205284961247,0.3712774062985712
0.05,nestleind,gjr_t,0.7004601896799239,0.4838170584797705
0.05,nestleind,har,2.461094132030636,0.014034055346134876
0.05,nestleind,vix,-0.9485010313885948,0.3431235248961774
0.05,nestleind,mean,1.4870617619216961,0.13734112762226552
0.05,nestleind,median,1.0268423078981772,0.3047646226009932
0.05,nestleind,min_score,2.476709407645904,0.013438791144287946
0.05,nestleind,relative_score,2.4566262358758957,0.01420860897485209
0.05,nestleind,previous_best,2.461094132030636,0.014034055346134876
0.05,sunpharma,ewma,-0.2799684379814802,0.779564654574898
0.05,sunpharma,garch_t,-1.6581735431174764,0.09762332728280888
0.05,sunpharma,egarch_t,-0.7111653109166604,0.47716206356625734
0.05,sunpharma,gjr_t,-1.7673616008284045,0.07749915460705546
0.05,sunpharma,har,0.13481032684194225,0.8927913277726548
0.05,sunpharma,vix,-2.361387075815994,0.018414300547360898
0.05,sunpharma,mean,-0.7822564712010086,0.4342651475261344
0.05,sunpharma,median,-0.9756134862037092,0.32951249235661123
0.05,sunpharma,min_score,0.5756077137954114,0.5650211255270098
0.05,sunpharma,relative_score,0.11050653088270396,0.9120317719840397
0.05,sunpharma,previous_best,-0.21436532329171937,0.8303096839122286
0.05,ALL,ewma,-1.425660283656012,0.1543059882425665
0.05,ALL,garch_t,-0.2915995496187408,0.7706586259129183
0.05,ALL,egarch_t,-0.19477234414214337,0.845614222895646
0.05,ALL,gjr_t,-0.5985555060712131,0.549616829216586
0.05,ALL,har,0.8462547985888107,0.39763091401984113
0.05,ALL,vix,-0.9972214435203838,0.3189195285572028
0.05,ALL,mean,0.680461892517643,0.49638343404573576
0.05,ALL,median,0.43110861412226464,0.6664904985735143
0.05,ALL,min_score,1.3788580331726281,0.16827403646049863
0.05,ALL,relative_score,1.1953480896570785,0.23225942057570165
0.05,ALL,previous_best,0.4192242216282459,0.6751502418832556
