alpha,variant,fold,lam,val_loss
0.025,gate,1,0.0,-3.1085073516183828
0.025,gate,1,0.1,-3.112286725507377
0.025,gate,1,1.0,-3.120470041631828
0.025,gate,1,10.0,-3.12062618624337
0.025,gate,2,0.0,-3.4409723774809895
0.025,gate,2,0.1,-3.448981846930115
0.025,gate,2,1.0,-3.4685810296722286
0.025,gate,2,10.0,-3.4591664469218806
0.025,gate,3,0.0,-3.0376656816218395
0.025,gate,3,0.1,-3.037710709744632
0.025,gate,3,1.0,-3.037923506382158
0.025,gate,3,10.0,-3.0381456910601243
0.025,gate,4,0.0,-3.362363587922293
0.025,gate,4,0.1,-3.3611013983375106
0.025,gate,4,1.0,-3.3584351170334865
0.025,gate,4,10.0,-3.357645929772785
0.025,gate_novix,1,0.0,-3.1352968854091676
0.025,gate_novix,1,0.1,-3.144193932277355
0.025,gate_novix,1,1.0,-3.1478987412115726
0.025,gate_novix,1,10.0,-3.1444136000972787
0.025,gate_novix,2,0.0,-3.437746270069943
0.025,gate_novix,2,0.1,-3.4526653802619625
0.025,gate_novix,2,1.0,-3.45106287586171
0.025,gate_novix,2,10.0,-3.443152561373209
0.025,gate_novix,3,0.0,-3.0347255885332345
0.025,gate_novix,3,0.1,-3.034763499311056
0.025,gate_novix,3,1.0,-3.03494796272016
0.025,gate_novix,3,10.0,-3.0354184149173316
0.025,gate_novix,4,0.0,-3.3523110292731535
0.025,gate_novix,4,0.1,-3.3519544743625116
0.025,gate_novix,4,1.0,-3.3508561132701447
0.025,gate_novix,4,10.0,-3.350590734631355
0.025,gate_noexpiry,1,0.0,-3.1021248947626177
0.025,gate_noexpiry,1,0.1,-3.102114229815611
0.025,gate_noexpiry,1,1.0,-3.102021708289712
0.025,gate_noexpiry,1,10.0,-3.1019018738887087
0.025,gate_noexpiry,2,0.0,-3.4263894454636583
0.025,gate_noexpiry,2,0.1,-3.426888420795133
0.025,gate_noexpiry,2,1.0,-3.434229780484956
0.025,gate_noexpiry,2,10.0,-3.431629352131721
0.025,gate_noexpiry,3,0.0,-3.0373495979624856
0.025,gate_noexpiry,3,0.1,-3.037377969973964
0.025,gate_noexpiry,3,1.0,-3.0375486922462893
0.025,gate_noexpiry,3,10.0,-3.037711577760018
0.025,gate_noexpiry,4,0.0,-3.3656932495994676
0.025,gate_noexpiry,4,0.1,-3.3643910935621757
0.025,gate_noexpiry,4,1.0,-3.362834621733678
0.025,gate_noexpiry,4,10.0,-3.361910992158155
0.025,gate_noscale,1,0.0,-3.121940190211745
0.025,gate_noscale,1,0.1,-3.1135094920529305
0.025,gate_noscale,1,1.0,-3.1065665553275426
0.025,gate_noscale,1,10.0,-3.10275123869933
0.025,gate_noscale,2,0.0,-3.4036098872581095
0.025,gate_noscale,2,0.1,-3.4024436024826867
0.025,gate_noscale,2,1.0,-3.399576982914988
0.025,gate_noscale,2,10.0,-3.3970621869003814
0.025,gate_noscale,3,0.0,-3.0375140088120536
0.025,gate_noscale,3,0.1,-3.0433749523349234
0.025,gate_noscale,3,1.0,-3.0427910416875177
0.025,gate_noscale,3,10.0,-3.0385533249915135
0.025,gate_noscale,4,0.0,-3.353092828441714
0.025,gate_noscale,4,0.1,-3.34532376655643
0.025,gate_noscale,4,1.0,-3.3379496209331725
0.025,gate_noscale,4,10.0,-3.335895259223
0.025,gate_variance,1,0.0,-3.117391407681502
0.025,gate_variance,1,0.1,-3.1177022347909205
0.025,gate_variance,1,1.0,-3.119946089249044
0.025,gate_variance,1,10.0,-3.1171470996864405
0.025,gate_variance,2,0.0,-3.4602926639409852
0.025,gate_variance,2,0.1,-3.4410181276508225
0.025,gate_variance,2,1.0,-3.417094275737618
0.025,gate_variance,2,10.0,-3.4148841652869475
0.025,gate_variance,3,0.0,-3.044442992798949
0.025,gate_variance,3,0.1,-3.043566444013955
0.025,gate_variance,3,1.0,-3.041444247178192
0.025,gate_variance,3,10.0,-3.0390268838767796
0.025,gate_variance,4,0.0,-3.41452133676387
0.025,gate_variance,4,0.1,-3.400143293313257
0.025,gate_variance,4,1.0,-3.355080635964944
0.025,gate_variance,4,10.0,-3.345265637790246
0.025,gate_qlike,1,0.0,1.5821732658752772
0.025,gate_qlike,1,0.1,1.5815922617092213
0.025,gate_qlike,1,1.0,1.58178657862304
0.025,gate_qlike,1,10.0,1.5826024117721817
0.025,gate_qlike,2,0.0,1.6660783515268578
0.025,gate_qlike,2,0.1,1.6708891500304683
0.025,gate_qlike,2,1.0,1.6889935061735577
0.025,gate_qlike,2,10.0,1.6927624982889775
0.025,gate_qlike,3,0.0,1.8245585716665318
0.025,gate_qlike,3,0.1,1.840055850508489
0.025,gate_qlike,3,1.0,1.8494158512793644
0.025,gate_qlike,3,10.0,1.8562499277631863
0.025,gate_qlike,4,0.0,1.5157551913668752
0.025,gate_qlike,4,0.1,1.5268839892881982
0.025,gate_qlike,4,1.0,1.5575588360147379
0.025,gate_qlike,4,10.0,1.570457346351363
0.01,gate,1,0.0,-2.914766279318337
0.01,gate,1,0.1,-2.914772365999903
0.01,gate,1,1.0,-2.9184515076595083
0.01,gate,1,10.0,-2.921334049480889
0.01,gate,2,0.0,-3.1699940844016314
0.01,gate,2,0.1,-3.198235161852646
0.01,gate,2,1.0,-3.2174818478823584
0.01,gate,2,10.0,-3.226310898457919
0.01,gate,3,0.0,-2.652560252403502
0.01,gate,3,0.1,-2.6526369079579255
0.01,gate,3,1.0,-2.6528844090110293
0.01,gate,3,10.0,-2.652790854207039
0.01,gate,4,0.0,-3.06649775756118
0.01,gate,4,0.1,-3.0657869471790375
0.01,gate,4,1.0,-3.0660550121810606
0.01,gate,4,10.0,-3.065981676347075
0.05,gate,1,0.0,-3.288551011846781
0.05,gate,1,0.1,-3.2884996362352235
0.05,gate,1,1.0,-3.291276464702005
0.05,gate,1,10.0,-3.292920274199497
0.05,gate,2,0.0,-3.663954080098909
0.05,gate,2,0.1,-3.6610432623305527
0.05,gate,2,1.0,-3.657174236244293
0.05,gate,2,10.0,-3.655862347655543
0.05,gate,3,0.0,-3.314772291454402
0.05,gate,3,0.1,-3.3147825919053333
0.05,gate,3,1.0,-3.3148136247027304
0.05,gate,3,10.0,-3.3147742240359928
0.05,gate,4,0.0,-3.585046829997189
0.05,gate,4,0.1,-3.5835038848354315
0.05,gate,4,1.0,-3.5820135088994784
0.05,gate,4,10.0,-3.5816879897404124
