post,expiry,wq_ewma,wq_garch_t,wq_egarch_t,wq_gjr_t,wq_har,wq_vix,g,asset
False,0,0.16295216577462854,0.16306637513309633,0.1685003103815898,0.16534349974707627,0.16932816944508447,0.17080947951852435,0.9472292273928439,nifty50
False,1,0.15379155781525158,0.1634781262044415,0.16566472685681236,0.16379717768643692,0.1724231856522632,0.18084522578479426,1.0053728703634341,nifty50
True,0,0.17309574273131825,0.146181589510476,0.14740289242095794,0.1270899631608473,0.2115027702953977,0.19472704188100257,0.9812177129243969,nifty50
True,1,0.1477936389608558,0.13338560018168372,0.14743213781722284,0.12195715043450188,0.2201058896546576,0.22932558295107797,1.00292771878743,nifty50
False,0,0.1632306512584374,0.1635105444467912,0.1667786176740816,0.16490277440930484,0.1698809473815924,0.17169646482979237,0.956539569777143,banknifty
False,1,0.15278882289389528,0.16133036928985744,0.1689257062804346,0.16352582097513446,0.16628000560846398,0.18714927495221395,1.0442671792436764,banknifty
True,0,0.1740943211008622,0.1468964988851075,0.15614892226181856,0.133786699287001,0.21498353454130587,0.1740900239239047,0.9324597931478343,banknifty
True,1,0.14750513421528924,0.13515535252563307,0.15049236369628666,0.12623622629306927,0.21479151898486862,0.22581940428485298,0.9993500542859302,banknifty
False,0,0.1713503175669286,0.16497097912911818,0.16425200306091917,0.16434495593950932,0.17109550248312916,0.1639862418203954,0.8392872398546938,adanient
False,1,0.1651342390823013,0.16679345781845792,0.16392359125952746,0.16280661922213577,0.17335892564852085,0.16798316696905646,0.8398322714999288,adanient
True,0,0.17063005403583079,0.15154576602140246,0.1671216904258446,0.15497606006377537,0.19763586402129704,0.1580905654318495,0.9225951158899537,adanient
True,1,0.1499666183175812,0.14439963509431825,0.16778072647763737,0.15287146879897445,0.19820211969499782,0.18677943161649063,0.9493263831640101,adanient
False,0,0.16477023243817013,0.16356459117317138,0.1665970311661847,0.16467939900106915,0.17015438573988445,0.17023436048151994,0.9001533009707646,tatasteel
False,1,0.15650875774512496,0.1645366739548421,0.1653720349918114,0.1627348640438903,0.17270669317017115,0.1781409760941599,0.9511570726394288,tatasteel
True,0,0.17128069970302684,0.1511215726561735,0.1644760497021574,0.14753412032721697,0.20272102272993572,0.16286653488148936,0.9271179567055162,tatasteel
True,1,0.1488516885127504,0.1371941437483137,0.16044490988265764,0.13729670572325123,0.21099718237522608,0.20521536975780072,0.9637147454972339,tatasteel
False,0,0.16694576234415778,0.16418329414494987,0.165592975868584,0.1646872786909485,0.17067615776297135,0.16791453118838826,0.903015373989904,dlf
False,1,0.1586782324075573,0.1649238571783876,0.16553796854117847,0.16298646190506985,0.1730173355982687,0.17485614436953784,0.9374342764607664,dlf
True,0,0.1703457903004022,0.15313140294120528,0.16666922991843486,0.1519384582617058,0.19852508902057714,0.15939002955767448,0.9271094737467821,dlf
True,1,0.14896122374853313,0.14029094519731802,0.16353939714572474,0.14239483893071003,0.20718409896633747,0.19762949601137633,0.961236462808036,dlf
False,0,0.1637954547621315,0.16243092662948216,0.16677856473068298,0.16428155757849722,0.16834432898694976,0.17436916731225613,0.9143773604198812,hindunilvr
False,1,0.1558581645027712,0.16254821943145245,0.16503726404221009,0.16230507740482422,0.17110657586635572,0.1831446987523861,1.0191853681574725,hindunilvr
True,0,0.1715411654700202,0.15021999719510196,0.16327320867559264,0.1470848857588761,0.2040208645973414,0.1638598783030675,0.9279287695256643,hindunilvr
True,1,0.1495193607832625,0.1385011941263547,0.16048885801299123,0.1388194046169101,0.20912304329135478,0.2035481391691265,0.9637718592430903,hindunilvr
False,0,0.1634754315913367,0.16324865807922614,0.1666003170959036,0.16506463709549316,0.16981312274756669,0.1717978333904735,0.8698662353460126,nestleind
False,1,0.15552426918026097,0.16447539157279611,0.1650686432077852,0.1638156610937289,0.17376408279970026,0.17735195214572835,0.959184869140554,nestleind
True,0,0.17166245577078257,0.15126379020082323,0.16208733262950892,0.14188075360808192,0.20778115968386482,0.16532450810693836,0.930852409472389,nestleind
True,1,0.14650523097962578,0.13608338030630363,0.15587856581767487,0.13033538193836905,0.2163448530133693,0.21485258794465717,0.9923902654812041,nestleind
False,0,0.16085807972390598,0.165001207322646,0.16532041987376533,0.16599066049305075,0.17116340384570564,0.17166622874092607,0.8020530431411472,sunpharma
False,1,0.15524880607828723,0.16672109035821975,0.1650397784658632,0.16537526379533946,0.1750697186998453,0.17254534260244483,0.8495357273924702,sunpharma
True,0,0.1732380721423157,0.1504460399281583,0.16330076347368552,0.14321964121909472,0.20839305662018287,0.16140242661656262,0.919821196989428,sunpharma
True,1,0.14899631169306238,0.13959708732422751,0.16079911718562906,0.13750758584618994,0.2096586924782859,0.20344120547260494,0.9716839562039536,sunpharma
