method,FZ0 a=0.01,FZ0 a=0.025,FZ0 a=0.05,MCS p (2.5%),DM gate vs (2.5%),DM p (2.5%)
gate_qlike,,-3.2617940446006424,,1.0,2.2701766648676567,0.02342768615931964
min_score,-2.966789310917276,-3.257831995066002,-3.4868317110653924,0.9505,1.4163501366225635,0.15701186893422148
relative_score,-2.9706685432359325,-3.2560007353699425,-3.4843703727791584,0.904,1.2854324349842137,0.19896504296798767
previous_best,-2.9591753143349138,-3.255974837909064,-3.4719938089860998,0.9505,1.1831904867483003,0.23703964689450027
gate_noscale,,-3.2517224218743865,,0.821,1.3047573404685715,0.19230211416334922
har,-2.956393658333654,-3.250164105026811,-3.4761613177352433,0.7655,1.4012821543138394,0.16146731857867502
mean,-2.955045872488225,-3.2488095197627196,-3.47608657979453,0.7655,1.0977680616477874,0.2725933188460246
median,-2.959616696897867,-3.2463553065633826,-3.47254294487599,0.702,0.9785945644617199,0.3280378802550477
gate_variance,,-3.243495815458552,,0.2555,1.1607407217938217,0.24604878062241672
gate_noexpiry,,-3.239709690398633,,0.644,1.5029952897469918,0.13318379918392934
garch_t,-2.9602242226175774,-3.2379324544867276,-3.4600766701260355,0.6355,0.6006751195249853,0.548204499601124
egarch_t,-2.9280199503354365,-3.2303286030362552,-3.4628602781401785,0.501,0.5152359618414796,0.6065120508308358
gjr_t,-2.9290896782968403,-3.227880662849732,-3.4562026111254736,0.5915,0.3598529497944843,0.7190397815000331
gate_novix,,-3.223184237262438,,0.6355,0.5136868347639747,0.6075944369183683
gate,-2.9187149788920004,-3.218853513822979,-3.4655600661432384,0.343,,
ewma,-2.917311303537502,-3.2133844505924203,-3.4409678603842266,0.102,-0.18971510022808472,0.8495742809261396
vix,-2.8741071097773814,-3.1997356085171975,-3.4422846284480024,0.498,-0.4801308066073752,0.6312486414928117
