alpha,asset,method,pvalue,in_mcs
0.01,nifty50,ewma,1.0,True
0.01,nifty50,garch_t,0.762,True
0.01,nifty50,egarch_t,0.464,True
0.01,nifty50,gjr_t,0.762,True
0.01,nifty50,har,0.0385,False
0.01,nifty50,vix,0.762,True
0.01,nifty50,mean,0.612,True
0.01,nifty50,median,0.762,True
0.01,nifty50,min_score,0.612,True
0.01,nifty50,relative_score,0.34,True
0.01,nifty50,previous_best,0.3105,True
0.01,nifty50,gate,0.38,True
0.01,banknifty,ewma,0.858,True
0.01,banknifty,garch_t,0.858,True
0.01,banknifty,egarch_t,0.3815,True
0.01,banknifty,gjr_t,0.3615,True
0.01,banknifty,har,0.3815,True
0.01,banknifty,vix,1.0,True
0.01,banknifty,mean,0.8555,True
0.01,banknifty,median,0.858,True
0.01,banknifty,min_score,0.1775,True
0.01,banknifty,relative_score,0.8175,True
0.01,banknifty,previous_best,1.0,True
0.01,banknifty,gate,0.858,True
0.01,adanient,ewma,0.203,True
0.01,adanient,garch_t,0.935,True
0.01,adanient,egarch_t,0.935,True
0.01,adanient,gjr_t,1.0,True
0.01,adanient,har,0.8575,True
0.01,adanient,vix,0.8,True
0.01,adanient,mean,0.772,True
0.01,adanient,median,0.935,True
0.01,adanient,min_score,0.576,True
0.01,adanient,relative_score,0.318,True
0.01,adanient,previous_best,0.1255,True
0.01,adanient,gate,0.377,True
0.01,tatasteel,ewma,0.744,True
0.01,tatasteel,garch_t,0.387,True
0.01,tatasteel,egarch_t,0.096,False
0.01,tatasteel,gjr_t,0.01,False
0.01,tatasteel,har,1.0,True
0.01,tatasteel,vix,0.789,True
0.01,tatasteel,mean,0.744,True
0.01,tatasteel,median,0.432,True
0.01,tatasteel,min_score,0.744,True
0.01,tatasteel,relative_score,0.465,True
0.01,tatasteel,previous_best,1.0,True
0.01,tatasteel,gate,0.744,True
0.01,dlf,ewma,0.331,True
0.01,dlf,garch_t,0.067,False
0.01,dlf,egarch_t,0.0065,False
0.01,dlf,gjr_t,0.0055,False
0.01,dlf,har,1.0,True
0.01,dlf,vix,0.337,True
0.01,dlf,mean,0.1325,True
0.01,dlf,median,0.0135,False
0.01,dlf,min_score,0.1595,True
0.01,dlf,relative_score,0.127,True
0.01,dlf,previous_best,1.0,True
0.01,dlf,gate,0.337,True
0.01,hindunilvr,ewma,0.316,True
0.01,hindunilvr,garch_t,0.5665,True
0.01,hindunilvr,egarch_t,0.993,True
0.01,hindunilvr,gjr_t,0.493,True
0.01,hindunilvr,har,1.0,True
0.01,hindunilvr,vix,0.493,True
0.01,hindunilvr,mean,0.657,True
0.01,hindunilvr,median,0.8205,True
0.01,hindunilvr,min_score,0.602,True
0.01,hindunilvr,relative_score,0.5665,True
0.01,hindunilvr,previous_best,0.657,True
0.01,hindunilvr,gate,0.993,True
0.01,nestleind,ewma,0.166,True
0.01,nestleind,garch_t,0.166,True
0.01,nestleind,egarch_t,0.166,True
0.01,nestleind,gjr_t,0.137,True
0.01,nestleind,har,1.0,True
0.01,nestleind,vix,0.117,True
0.01,nestleind,mean,0.14,True
0.01,nestleind,median,0.066,False
0.01,nestleind,min_score,0.166,True
0.01,nestleind,relative_score,0.117,True
0.01,nestleind,previous_best,1.0,True
0.01,nestleind,gate,0.166,True
0.01,sunpharma,ewma,0.9675,True
0.01,sunpharma,garch_t,0.6505,True
0.01,sunpharma,egarch_t,0.9675,True
0.01,sunpharma,gjr_t,0.094,False
0.01,sunpharma,har,0.7355,True
0.01,sunpharma,vix,0.0,False
0.01,sunpharma,mean,0.266,True
0.01,sunpharma,median,0.17,True
0.01,sunpharma,min_score,0.9675,True
0.01,sunpharma,relative_score,0.9675,True
0.01,sunpharma,previous_best,0.725,True
0.01,sunpharma,gate,1.0,True
0.01,ALL,ewma,0.24,True
0.01,ALL,garch_t,0.811,True
0.01,ALL,egarch_t,0.622,True
0.01,ALL,gjr_t,0.622,True
0.01,ALL,har,0.844,True
0.01,ALL,vix,0.5105,True
0.01,ALL,mean,0.6555,True
0.01,ALL,median,0.7305,True
0.01,ALL,min_score,0.844,True
0.01,ALL,relative_score,1.0,True
0.01,ALL,previous_best,0.811,True
0.01,ALL,gate,0.6555,True
0.025,nifty50,ewma,0.9675,True
0.025,nifty50,garch_t,0.9675,True
0.025,nifty50,egarch_t,0.5355,True
0.025,nifty50,gjr_t,0.9625,True
0.025,nifty50,har,0.0085,False
0.025,nifty50,vix,1.0,True
0.025,nifty50,mean,0.921,True
0.025,nifty50,median,0.9675,True
0.025,nifty50,min_score,0.9645,True
0.025,nifty50,relative_score,0.9675,True
0.025,nifty50,previous_best,0.9675,True
0.025,nifty50,gate,0.7595,True
0.025,nifty50,gate_noexpiry,0.9675,True
0.025,nifty50,gate_noscale,0.368,True
0.025,nifty50,gate_novix,0.9425,True
0.025,nifty50,gate_qlike,0.9675,True
0.025,nifty50,gate_variance,0.8405,True
0.025,banknifty,ewma,0.9995,True
0.025,banknifty,garch_t,0.9995,True
0.025,banknifty,egarch_t,0.9935,True
0.025,banknifty,gjr_t,0.9935,True
0.025,banknifty,har,0.6165,True
0.025,banknifty,vix,1.0,True
0.025,banknifty,mean,0.9995,True
0.025,banknifty,median,0.9995,True
0.025,banknifty,min_score,0.2015,True
0.025,banknifty,relative_score,0.6145,True
0.025,banknifty,previous_best,1.0,True
0.025,banknifty,gate,0.9995,True
0.025,banknifty,gate_noexpiry,0.9995,True
0.025,banknifty,gate_noscale,0.924,True
0.025,banknifty,gate_novix,0.9935,True
0.025,banknifty,gate_qlike,0.9995,True
0.025,banknifty,gate_variance,0.9455,True
0.025,adanient,ewma,0.057,False
0.025,adanient,garch_t,0.911,True
0.025,adanient,egarch_t,0.911,True
0.025,adanient,gjr_t,0.911,True
0.025,adanient,har,0.911,True
0.025,adanient,vix,0.861,True
0.025,adanient,mean,0.6995,True
0.025,adanient,median,0.911,True
0.025,adanient,min_score,0.142,True
0.025,adanient,relative_score,0.058,False
0.025,adanient,previous_best,0.061,False
0.025,adanient,gate,0.6995,True
0.025,adanient,gate_noexpiry,0.861,True
0.025,adanient,gate_noscale,1.0,True
0.025,adanient,gate_novix,0.7665,True
0.025,adanient,gate_qlike,0.911,True
0.025,adanient,gate_variance,0.7165,True
0.025,tatasteel,ewma,0.9175,True
0.025,tatasteel,garch_t,0.008,False
0.025,tatasteel,egarch_t,0.0005,False
0.025,tatasteel,gjr_t,0.0005,False
0.025,tatasteel,har,0.9965,True
0.025,tatasteel,vix,0.9965,True
0.025,tatasteel,mean,0.3315,True
0.025,tatasteel,median,0.013,False
0.025,tatasteel,min_score,0.9155,True
0.025,tatasteel,relative_score,0.9175,True
0.025,tatasteel,previous_best,0.9965,True
0.025,tatasteel,gate,0.9945,True
0.025,tatasteel,gate_noexpiry,0.9965,True
0.025,tatasteel,gate_noscale,0.8445,True
0.025,tatasteel,gate_novix,0.9945,True
0.025,tatasteel,gate_qlike,1.0,True
0.025,tatasteel,gate_variance,0.9945,True
0.025,dlf,ewma,0.1775,True
0.025,dlf,garch_t,0.0245,False
0.025,dlf,egarch_t,0.0245,False
0.025,dlf,gjr_t,0.018,False
0.025,dlf,har,0.9185,True
0.025,dlf,vix,0.8965,True
0.025,dlf,mean,0.013,False
0.025,dlf,median,0.0015,False
0.025,dlf,min_score,0.9185,True
0.025,dlf,relative_score,0.4845,True
0.025,dlf,previous_best,0.9185,True
0.025,dlf,gate,0.9185,True
0.025,dlf,gate_noexpiry,0.789,True
0.025,dlf,gate_noscale,0.006,False
0.025,dlf,gate_novix,0.9185,True
0.025,dlf,gate_qlike,1.0,True
0.025,dlf,gate_variance,0.8965,True
0.025,hindunilvr,ewma,0.232,True
0.025,hindunilvr,garch_t,0.2755,True
0.025,hindunilvr,egarch_t,0.899,True
0.025,hindunilvr,gjr_t,0.114,True
0.025,hindunilvr,har,1.0,True
0.025,hindunilvr,vix,0.542,True
0.025,hindunilvr,mean,0.899,True
0.025,hindunilvr,median,0.899,True
0.025,hindunilvr,min_score,0.899,True
0.025,hindunilvr,relative_score,0.452,True
0.025,hindunilvr,previous_best,0.585,True
0.025,hindunilvr,gate,0.542,True
0.025,hindunilvr,gate_noexpiry,0.39,True
0.025,hindunilvr,gate_noscale,0.899,True
0.025,hindunilvr,gate_novix,0.708,True
0.025,hindunilvr,gate_qlike,0.899,True
0.025,hindunilvr,gate_variance,0.411,True
0.025,nestleind,ewma,0.31,True
0.025,nestleind,garch_t,0.287,True
0.025,nestleind,egarch_t,0.31,True
0.025,nestleind,gjr_t,0.237,True
0.025,nestleind,har,1.0,True
0.025,nestleind,vix,0.2355,True
0.025,nestleind,mean,0.2065,True
0.025,nestleind,median,0.0465,False
0.025,nestleind,min_score,0.507,True
0.025,nestleind,relative_score,0.507,True
0.025,nestleind,previous_best,1.0,True
0.025,nestleind,gate,0.507,True
0.025,nestleind,gate_noexpiry,0.507,True
0.025,nestleind,gate_noscale,0.507,True
0.025,nestleind,gate_novix,0.507,True
0.025,nestleind,gate_qlike,0.507,True
0.025,nestleind,gate_variance,0.491,True
0.025,sunpharma,ewma,0.573,True
0.025,sunpharma,garch_t,0.068,False
0.025,sunpharma,egarch_t,0.2245,True
0.025,sunpharma,gjr_t,0.035,False
0.025,sunpharma,har,0.2245,True
0.025,sunpharma,vix,0.0,False
0.025,sunpharma,mean,0.0075,False
0.025,sunpharma,median,0.047,False
0.025,sunpharma,min_score,0.832,True
0.025,sunpharma,relative_score,0.2245,True
0.025,sunpharma,previous_best,0.381,True
0.025,sunpharma,gate,0.274,True
0.025,sunpharma,gate_noexpiry,0.832,True
0.025,sunpharma,gate_noscale,0.006,False
0.025,sunpharma,gate_novix,0.832,True
0.025,sunpharma,gate_qlike,1.0,True
0.025,sunpharma,gate_variance,0.832,True
0.025,ALL,ewma,0.102,True
0.025,ALL,garch_t,0.6355,True
0.025,ALL,egarch_t,0.501,True
0.025,ALL,gjr_t,0.5915,True
0.025,ALL,har,0.7655,True
0.025,ALL,vix,0.498,True
0.025,ALL,mean,0.7655,True
0.025,ALL,median,0.702,True
0.025,ALL,min_score,0.9505,True
0.025,ALL,relative_score,0.904,True
0.025,ALL,previous_best,0.9505,True
0.025,ALL,gate,0.343,True
0.025,ALL,gate_noexpiry,0.644,True
0.025,ALL,gate_noscale,0.821,True
0.025,ALL,gate_novix,0.6355,True
0.025,ALL,gate_qlike,1.0,True
0.025,ALL,gate_variance,0.2555,True
0.05,nifty50,ewma,0.9065,True
0.05,nifty50,garch_t,0.952,True
0.05,nifty50,egarch_t,0.6455,True
0.05,nifty50,gjr_t,0.9,True
0.05,nifty50,har,0.055,False
0.05,nifty50,vix,1.0,True
0.05,nifty50,mean,0.8715,True
0.05,nifty50,median,0.952,True
0.05,nifty50,min_score,0.952,True
0.05,nifty50,relative_score,0.6715,True
0.05,nifty50,previous_best,0.5285,True
0.05,nifty50,gate,0.952,True
0.05,banknifty,ewma,0.705,True
0.05,banknifty,garch_t,0.8345,True
0.05,banknifty,egarch_t,0.8345,True
0.05,banknifty,gjr_t,0.8345,True
0.05,banknifty,har,0.3855,True
0.05,banknifty,vix,0.985,True
0.05,banknifty,mean,0.8345,True
0.05,banknifty,median,0.8345,True
0.05,banknifty,min_score,0.2725,True
0.05,banknifty,relative_score,0.7965,True
0.05,banknifty,previous_best,0.985,True
0.05,banknifty,gate,1.0,True
0.05,adanient,ewma,0.0325,False
0.05,adanient,garch_t,0.495,True
0.05,adanient,egarch_t,0.5985,True
0.05,adanient,gjr_t,0.8745,True
0.05,adanient,har,0.8745,True
0.05,adanient,vix,0.64,True
0.05,adanient,mean,1.0,True
0.05,adanient,median,0.977,True
0.05,adanient,min_score,0.495,True
0.05,adanient,relative_score,0.284,True
0.05,adanient,previous_best,0.284,True
0.05,adanient,gate,0.495,True
0.05,tatasteel,ewma,0.6755,True
0.05,tatasteel,garch_t,0.015,False
0.05,tatasteel,egarch_t,0.041,False
0.05,tatasteel,gjr_t,0.001,False
0.05,tatasteel,har,0.942,True
0.05,tatasteel,vix,0.942,True
0.05,tatasteel,mean,0.49,True
0.05,tatasteel,median,0.143,True
0.05,tatasteel,min_score,0.855,True
0.05,tatasteel,relative_score,0.827,True
0.05,tatasteel,previous_best,0.6755,True
0.05,tatasteel,gate,1.0,True
0.05,dlf,ewma,0.792,True
0.05,dlf,garch_t,0.124,True
0.05,dlf,egarch_t,0.84,True
0.05,dlf,gjr_t,0.6915,True
0.05,dlf,har,1.0,True
0.05,dlf,vix,0.9245,True
0.05,dlf,mean,0.9315,True
0.05,dlf,median,0.845,True
0.05,dlf,min_score,0.9805,True
0.05,dlf,relative_score,0.9805,True
0.05,dlf,previous_best,0.84,True
0.05,dlf,gate,0.9805,True
0.05,hindunilvr,ewma,0.0615,False
0.05,hindunilvr,garch_t,0.336,True
0.05,hindunilvr,egarch_t,0.5485,True
0.05,hindunilvr,gjr_t,0.0505,False
0.05,hindunilvr,har,1.0,True
0.05,hindunilvr,vix,0.436,True
0.05,hindunilvr,mean,0.5485,True
0.05,hindunilvr,median,0.5485,True
0.05,hindunilvr,min_score,0.9575,True
0.05,hindunilvr,relative_score,0.5485,True
0.05,hindunilvr,previous_best,0.5485,True
0.05,hindunilvr,gate,0.3395,True
0.05,nestleind,ewma,0.062,False
0.05,nestleind,garch_t,0.0815,False
0.05,nestleind,egarch_t,0.106,True
0.05,nestleind,gjr_t,0.0815,False
0.05,nestleind,har,1.0,True
0.05,nestleind,vix,0.062,False
0.05,nestleind,mean,0.106,True
0.05,nestleind,median,0.062,False
0.05,nestleind,min_score,0.3505,True
0.05,nestleind,relative_score,0.3505,True
0.05,nestleind,previous_best,1.0,True
0.05,nestleind,gate,0.106,True
0.05,sunpharma,ewma,0.7495,True
0.05,sunpharma,garch_t,0.02,False
0.05,sunpharma,egarch_t,0.249,True
0.05,sunpharma,gjr_t,0.0055,False
0.05,sunpharma,har,0.8025,True
0.05,sunpharma,vix,0.0015,False
0.05,sunpharma,mean,0.1465,True
0.05,sunpharma,median,0.137,True
0.05,sunpharma,min_score,1.0,True
0.05,sunpharma,relative_score,0.249,True
0.05,sunpharma,previous_best,0.578,True
0.05,sunpharma,gate,0.8025,True
0.05,ALL,ewma,0.0075,False
0.05,ALL,garch_t,0.0445,False
0.05,ALL,egarch_t,0.222,True
0.05,ALL,gjr_t,0.168,True
0.05,ALL,har,0.4885,True
0.05,ALL,vix,0.222,True
0.05,ALL,mean,0.2785,True
0.05,ALL,median,0.222,True
0.05,ALL,min_score,1.0,True
0.05,ALL,relative_score,0.4885,True
0.05,ALL,previous_best,0.0445,False
0.05,ALL,gate,0.405,True
