key,ticker,file,rows,first,last,sha256
nifty50,^NSEI,nifty50.csv,2892,2015-01-02,2026-09-30,0615f127e55c139f94bee067e36061cd0900b032d20c53543e8ec7d4297644ec
banknifty,^NSEBANK,banknifty.csv,2897,2015-01-01,2026-09-30,e5c8a6002225a745e2fe2bb38e1a611aa063687eb61fabb407ab3c1c8bec6c37
adanient,ADANIENT.NS,adanient.csv,2905,2015-01-01,2026-09-30,43fa45267b50771de5656c24b890f4f882a2ce736b9a236420075df777e82ffc
tatasteel,TATASTEEL.NS,tatasteel.csv,2905,2015-01-01,2026-09-30,9efc33f728af44c9b15bcb9c4ef5b89a869244e3f40263c42ed59334c4741517
dlf,DLF.NS,dlf.csv,2905,2015-01-01,2026-09-30,f2f337f2db16c4cccb056eed26f9aea2a36dfea39a1e3dd56b78d8ec31e83095
hindunilvr,HINDUNILVR.NS,hindunilvr.csv,2905,2015-01-01,2026-09-30,d9ec1eb1c88450342fc4db0cc30c515ffcba4630958cb5b0597598bc8e5d00af
nestleind,NESTLEIND.NS,nestleind.csv,2905,2015-01-01,2026-09-30,41c58fed483cb68c2f42f2ab6089fe607cc322bb473f71174988de7e1a28c992
sunpharma,SUNPHARMA.NS,sunpharma.csv,2905,2015-01-01,2026-09-30,5b12db45a9cb723d83ef3f53318f7d2118f81e56ddf8dd69d871891d660b6f54
india_vix,^INDIAVIX,india_vix.csv,2881,2015-01-01,2026-09-30,3e9176cbe7587f403a6b4bc0e52e0541b8213f7594671189e1cfaafcbf457ffc
